ISO-10303-21;
HEADER;
/* Generated by software containing ST-Developer
 * from STEP Tools, Inc. (www.steptools.com) 
 */
/* OPTION: using custom schema-name function */

FILE_DESCRIPTION(
/* description */ (''),
/* implementation_level */ '2;1');

FILE_NAME(
/* name */ '2082940030wbm000_01_214.stp',
/* time_stamp */ '2023-03-23T08:14:41+06:00',
/* author */ (''),
/* organization */ (''),
/* preprocessor_version */ 'ST-DEVELOPER v16.7',
/* originating_system */ 'SIEMENS PLM Software NX 1919',
/* authorisation */ '');

FILE_SCHEMA (('AUTOMOTIVE_DESIGN { 1 0 10303 214 3 1 1 1 }'));
ENDSEC;

DATA;
#10=SHAPE_REPRESENTATION_RELATIONSHIP('None',
'relationship between 2082940030wbm000_01-None and 2082940030wbm000_01
-None',#22,#11);
#11=ADVANCED_BREP_SHAPE_REPRESENTATION('2082940030wbm000_01-None',(#32),
#4649);
#12=SHAPE_DEFINITION_REPRESENTATION(#13,#22);
#13=PRODUCT_DEFINITION_SHAPE('','',#14);
#14=PRODUCT_DEFINITION(' ','',#16,#15);
#15=PRODUCT_DEFINITION_CONTEXT('part definition',#21,'design');
#16=PRODUCT_DEFINITION_FORMATION_WITH_SPECIFIED_SOURCE(' ',' ',#18,
 .NOT_KNOWN.);
#17=PRODUCT_RELATED_PRODUCT_CATEGORY('part','',(#18));
#18=PRODUCT('2082940030wbm000_01','2082940030wbm000_01',' ',(#19));
#19=PRODUCT_CONTEXT(' ',#21,'mechanical');
#20=APPLICATION_PROTOCOL_DEFINITION('international standard',
'automotive_design',2010,#21);
#21=APPLICATION_CONTEXT(
'core data for automotive mechanical design processes');
#22=SHAPE_REPRESENTATION('2082940030wbm000_01-None',(#2920),#4649);
#23=PRESENTATION_LAYER_ASSIGNMENT('1','Layer 1',(#32));
#24=STYLED_ITEM('',(#25),#32);
#25=PRESENTATION_STYLE_ASSIGNMENT((#26));
#26=SURFACE_STYLE_USAGE(.BOTH.,#27);
#27=SURFACE_SIDE_STYLE('',(#28));
#28=SURFACE_STYLE_FILL_AREA(#29);
#29=FILL_AREA_STYLE('',(#30));
#30=FILL_AREA_STYLE_COLOUR('',#31);
#31=COLOUR_RGB('Medium Steel',0.596063172350652,0.666666666666667,0.686259250782025);
#32=MANIFOLD_SOLID_BREP('',#33);
#33=CLOSED_SHELL('',(#81,#82,#83,#84,#85,#86,#87,#88,#89,#90,#91,#92,#93,
#94,#95,#96,#97,#98,#99,#100,#101,#102,#103,#104,#105,#106,#107,#108,#109,
#110,#111,#112,#113,#114,#115,#116,#117,#118,#119,#120,#121,#122,#123,#124,
#125,#126,#127,#128,#129,#130,#131,#132,#133,#134,#135,#136,#137,#138,#139,
#140,#141,#142,#143,#144,#145,#146,#147,#148,#149,#150,#151,#152,#153,#154,
#155,#156,#157,#158,#159,#160,#161,#162,#163,#164,#165,#166,#167,#168,#169,
#170,#171,#172,#173,#174,#175,#176,#177,#178,#179,#180,#181,#182,#183,#184,
#185,#186,#187,#188,#189,#190,#191,#192,#193,#194,#195,#196,#197,#198,#199,
#200,#201,#202,#203,#204,#205,#206,#207,#208,#209,#210,#211,#212,#213,#214,
#215,#216,#217,#218,#219,#220,#221,#222,#223,#224,#225));
#34=CYLINDRICAL_SURFACE('',#2930,0.3);
#35=CYLINDRICAL_SURFACE('',#2936,0.3);
#36=CYLINDRICAL_SURFACE('',#2957,0.3);
#37=CYLINDRICAL_SURFACE('',#2963,0.3);
#38=CYLINDRICAL_SURFACE('',#3031,0.15);
#39=CYLINDRICAL_SURFACE('',#3035,0.05);
#40=CYLINDRICAL_SURFACE('',#3037,0.05);
#41=CYLINDRICAL_SURFACE('',#3055,0.05);
#42=CYLINDRICAL_SURFACE('',#3059,0.05);
#43=CYLINDRICAL_SURFACE('',#3065,0.15);
#44=CYLINDRICAL_SURFACE('',#3075,0.05);
#45=CYLINDRICAL_SURFACE('',#3079,0.05);
#46=CYLINDRICAL_SURFACE('',#3085,0.15);
#47=CIRCLE('',#2928,0.3);
#48=CIRCLE('',#2929,0.3);
#49=CIRCLE('',#2934,0.3);
#50=CIRCLE('',#2935,0.3);
#51=CIRCLE('',#2948,0.3);
#52=CIRCLE('',#2949,0.3);
#53=CIRCLE('',#2956,0.3);
#54=CIRCLE('',#2962,0.3);
#55=CIRCLE('',#3021,0.15);
#56=CIRCLE('',#3022,0.05);
#57=CIRCLE('',#3023,0.05);
#58=CIRCLE('',#3025,0.05);
#59=CIRCLE('',#3026,0.05);
#60=CIRCLE('',#3027,0.15);
#61=CIRCLE('',#3053,0.05);
#62=CIRCLE('',#3054,0.05);
#63=CIRCLE('',#3057,0.05);
#64=CIRCLE('',#3058,0.05);
#65=CIRCLE('',#3063,0.15);
#66=CIRCLE('',#3064,0.15);
#67=CIRCLE('',#3073,0.05);
#68=CIRCLE('',#3074,0.05);
#69=CIRCLE('',#3077,0.05);
#70=CIRCLE('',#3078,0.05);
#71=CIRCLE('',#3083,0.15);
#72=CIRCLE('',#3084,0.15);
#73=FACE_BOUND('',#502,.T.);
#74=FACE_BOUND('',#503,.T.);
#75=FACE_BOUND('',#532,.T.);
#76=FACE_BOUND('',#533,.T.);
#77=FACE_BOUND('',#539,.T.);
#78=FACE_BOUND('',#540,.T.);
#79=FACE_BOUND('',#541,.T.);
#80=FACE_BOUND('',#542,.T.);
#81=ADVANCED_FACE('',(#358),#226,.F.);
#82=ADVANCED_FACE('',(#359),#227,.T.);
#83=ADVANCED_FACE('',(#73,#74),#228,.T.);
#84=ADVANCED_FACE('',(#360),#229,.T.);
#85=ADVANCED_FACE('',(#361),#230,.F.);
#86=ADVANCED_FACE('',(#362),#231,.F.);
#87=ADVANCED_FACE('',(#363),#232,.F.);
#88=ADVANCED_FACE('',(#364),#34,.T.);
#89=ADVANCED_FACE('',(#365),#233,.T.);
#90=ADVANCED_FACE('',(#366),#234,.T.);
#91=ADVANCED_FACE('',(#367),#235,.T.);
#92=ADVANCED_FACE('',(#368),#35,.T.);
#93=ADVANCED_FACE('',(#369),#236,.T.);
#94=ADVANCED_FACE('',(#370),#237,.T.);
#95=ADVANCED_FACE('',(#371),#238,.T.);
#96=ADVANCED_FACE('',(#372),#239,.F.);
#97=ADVANCED_FACE('',(#373),#240,.F.);
#98=ADVANCED_FACE('',(#374),#241,.T.);
#99=ADVANCED_FACE('',(#375),#242,.T.);
#100=ADVANCED_FACE('',(#376),#243,.T.);
#101=ADVANCED_FACE('',(#377),#244,.F.);
#102=ADVANCED_FACE('',(#378),#245,.F.);
#103=ADVANCED_FACE('',(#379),#246,.F.);
#104=ADVANCED_FACE('',(#380),#247,.T.);
#105=ADVANCED_FACE('',(#381),#248,.F.);
#106=ADVANCED_FACE('',(#382),#249,.T.);
#107=ADVANCED_FACE('',(#383),#250,.T.);
#108=ADVANCED_FACE('',(#384),#251,.T.);
#109=ADVANCED_FACE('',(#385),#252,.T.);
#110=ADVANCED_FACE('',(#386),#36,.T.);
#111=ADVANCED_FACE('',(#387),#253,.T.);
#112=ADVANCED_FACE('',(#75,#76),#254,.T.);
#113=ADVANCED_FACE('',(#388),#255,.T.);
#114=ADVANCED_FACE('',(#389),#256,.T.);
#115=ADVANCED_FACE('',(#390),#37,.T.);
#116=ADVANCED_FACE('',(#391),#257,.T.);
#117=ADVANCED_FACE('',(#392),#258,.T.);
#118=ADVANCED_FACE('',(#77,#78,#79,#80),#259,.T.);
#119=ADVANCED_FACE('',(#393),#260,.T.);
#120=ADVANCED_FACE('',(#394),#261,.F.);
#121=ADVANCED_FACE('',(#395),#262,.F.);
#122=ADVANCED_FACE('',(#396),#263,.F.);
#123=ADVANCED_FACE('',(#397),#264,.F.);
#124=ADVANCED_FACE('',(#398),#265,.F.);
#125=ADVANCED_FACE('',(#399),#266,.F.);
#126=ADVANCED_FACE('',(#400),#267,.F.);
#127=ADVANCED_FACE('',(#401),#268,.F.);
#128=ADVANCED_FACE('',(#402),#269,.F.);
#129=ADVANCED_FACE('',(#403),#270,.F.);
#130=ADVANCED_FACE('',(#404),#271,.T.);
#131=ADVANCED_FACE('',(#405),#272,.F.);
#132=ADVANCED_FACE('',(#406),#273,.F.);
#133=ADVANCED_FACE('',(#407),#274,.F.);
#134=ADVANCED_FACE('',(#408),#275,.F.);
#135=ADVANCED_FACE('',(#409),#276,.T.);
#136=ADVANCED_FACE('',(#410),#277,.F.);
#137=ADVANCED_FACE('',(#411),#278,.T.);
#138=ADVANCED_FACE('',(#412),#279,.T.);
#139=ADVANCED_FACE('',(#413),#280,.F.);
#140=ADVANCED_FACE('',(#414),#281,.F.);
#141=ADVANCED_FACE('',(#415),#282,.T.);
#142=ADVANCED_FACE('',(#416),#283,.F.);
#143=ADVANCED_FACE('',(#417),#284,.F.);
#144=ADVANCED_FACE('',(#418),#285,.F.);
#145=ADVANCED_FACE('',(#419),#286,.T.);
#146=ADVANCED_FACE('',(#420),#287,.F.);
#147=ADVANCED_FACE('',(#421),#288,.F.);
#148=ADVANCED_FACE('',(#422),#289,.F.);
#149=ADVANCED_FACE('',(#423),#290,.T.);
#150=ADVANCED_FACE('',(#424),#291,.F.);
#151=ADVANCED_FACE('',(#425),#292,.F.);
#152=ADVANCED_FACE('',(#426),#293,.F.);
#153=ADVANCED_FACE('',(#427),#294,.T.);
#154=ADVANCED_FACE('',(#428),#295,.F.);
#155=ADVANCED_FACE('',(#429),#296,.F.);
#156=ADVANCED_FACE('',(#430),#297,.F.);
#157=ADVANCED_FACE('',(#431),#298,.T.);
#158=ADVANCED_FACE('',(#432),#299,.T.);
#159=ADVANCED_FACE('',(#433),#300,.F.);
#160=ADVANCED_FACE('',(#434),#301,.T.);
#161=ADVANCED_FACE('',(#435),#302,.T.);
#162=ADVANCED_FACE('',(#436),#303,.T.);
#163=ADVANCED_FACE('',(#437),#304,.T.);
#164=ADVANCED_FACE('',(#438),#305,.F.);
#165=ADVANCED_FACE('',(#439),#306,.T.);
#166=ADVANCED_FACE('',(#440),#307,.T.);
#167=ADVANCED_FACE('',(#441),#308,.F.);
#168=ADVANCED_FACE('',(#442),#309,.F.);
#169=ADVANCED_FACE('',(#443),#310,.F.);
#170=ADVANCED_FACE('',(#444),#311,.F.);
#171=ADVANCED_FACE('',(#445),#312,.F.);
#172=ADVANCED_FACE('',(#446),#313,.F.);
#173=ADVANCED_FACE('',(#447),#314,.F.);
#174=ADVANCED_FACE('',(#448),#315,.T.);
#175=ADVANCED_FACE('',(#449),#316,.F.);
#176=ADVANCED_FACE('',(#450),#317,.F.);
#177=ADVANCED_FACE('',(#451),#38,.F.);
#178=ADVANCED_FACE('',(#452),#318,.F.);
#179=ADVANCED_FACE('',(#453),#319,.F.);
#180=ADVANCED_FACE('',(#454),#320,.F.);
#181=ADVANCED_FACE('',(#455),#39,.F.);
#182=ADVANCED_FACE('',(#456),#321,.F.);
#183=ADVANCED_FACE('',(#457),#40,.T.);
#184=ADVANCED_FACE('',(#458),#322,.F.);
#185=ADVANCED_FACE('',(#459),#323,.F.);
#186=ADVANCED_FACE('',(#460),#324,.F.);
#187=ADVANCED_FACE('',(#461),#325,.F.);
#188=ADVANCED_FACE('',(#462),#326,.F.);
#189=ADVANCED_FACE('',(#463),#327,.F.);
#190=ADVANCED_FACE('',(#464),#328,.F.);
#191=ADVANCED_FACE('',(#465),#329,.F.);
#192=ADVANCED_FACE('',(#466),#330,.F.);
#193=ADVANCED_FACE('',(#467),#331,.F.);
#194=ADVANCED_FACE('',(#468),#332,.F.);
#195=ADVANCED_FACE('',(#469),#333,.F.);
#196=ADVANCED_FACE('',(#470),#334,.F.);
#197=ADVANCED_FACE('',(#471),#335,.F.);
#198=ADVANCED_FACE('',(#472),#336,.F.);
#199=ADVANCED_FACE('',(#473),#41,.T.);
#200=ADVANCED_FACE('',(#474),#337,.F.);
#201=ADVANCED_FACE('',(#475),#42,.F.);
#202=ADVANCED_FACE('',(#476),#338,.F.);
#203=ADVANCED_FACE('',(#477),#339,.F.);
#204=ADVANCED_FACE('',(#478),#340,.F.);
#205=ADVANCED_FACE('',(#479),#43,.F.);
#206=ADVANCED_FACE('',(#480),#341,.F.);
#207=ADVANCED_FACE('',(#481),#342,.F.);
#208=ADVANCED_FACE('',(#482),#343,.T.);
#209=ADVANCED_FACE('',(#483),#344,.F.);
#210=ADVANCED_FACE('',(#484),#345,.F.);
#211=ADVANCED_FACE('',(#485),#346,.F.);
#212=ADVANCED_FACE('',(#486),#347,.F.);
#213=ADVANCED_FACE('',(#487),#44,.T.);
#214=ADVANCED_FACE('',(#488),#348,.F.);
#215=ADVANCED_FACE('',(#489),#45,.F.);
#216=ADVANCED_FACE('',(#490),#349,.F.);
#217=ADVANCED_FACE('',(#491),#350,.F.);
#218=ADVANCED_FACE('',(#492),#351,.F.);
#219=ADVANCED_FACE('',(#493),#46,.F.);
#220=ADVANCED_FACE('',(#494),#352,.F.);
#221=ADVANCED_FACE('',(#495),#353,.F.);
#222=ADVANCED_FACE('',(#496),#354,.T.);
#223=ADVANCED_FACE('',(#497),#355,.F.);
#224=ADVANCED_FACE('',(#498),#356,.T.);
#225=ADVANCED_FACE('',(#499),#357,.T.);
#226=PLANE('',#2921);
#227=PLANE('',#2922);
#228=PLANE('',#2923);
#229=PLANE('',#2924);
#230=PLANE('',#2925);
#231=PLANE('',#2926);
#232=PLANE('',#2927);
#233=PLANE('',#2931);
#234=PLANE('',#2932);
#235=PLANE('',#2933);
#236=PLANE('',#2937);
#237=PLANE('',#2938);
#238=PLANE('',#2939);
#239=PLANE('',#2940);
#240=PLANE('',#2941);
#241=PLANE('',#2942);
#242=PLANE('',#2943);
#243=PLANE('',#2944);
#244=PLANE('',#2945);
#245=PLANE('',#2946);
#246=PLANE('',#2947);
#247=PLANE('',#2950);
#248=PLANE('',#2951);
#249=PLANE('',#2952);
#250=PLANE('',#2953);
#251=PLANE('',#2954);
#252=PLANE('',#2955);
#253=PLANE('',#2958);
#254=PLANE('',#2959);
#255=PLANE('',#2960);
#256=PLANE('',#2961);
#257=PLANE('',#2964);
#258=PLANE('',#2965);
#259=PLANE('',#2966);
#260=PLANE('',#2967);
#261=PLANE('',#2968);
#262=PLANE('',#2969);
#263=PLANE('',#2970);
#264=PLANE('',#2971);
#265=PLANE('',#2972);
#266=PLANE('',#2973);
#267=PLANE('',#2974);
#268=PLANE('',#2975);
#269=PLANE('',#2976);
#270=PLANE('',#2977);
#271=PLANE('',#2978);
#272=PLANE('',#2979);
#273=PLANE('',#2980);
#274=PLANE('',#2981);
#275=PLANE('',#2982);
#276=PLANE('',#2983);
#277=PLANE('',#2984);
#278=PLANE('',#2985);
#279=PLANE('',#2986);
#280=PLANE('',#2987);
#281=PLANE('',#2988);
#282=PLANE('',#2989);
#283=PLANE('',#2990);
#284=PLANE('',#2991);
#285=PLANE('',#2992);
#286=PLANE('',#2993);
#287=PLANE('',#2994);
#288=PLANE('',#2995);
#289=PLANE('',#2996);
#290=PLANE('',#2997);
#291=PLANE('',#2998);
#292=PLANE('',#2999);
#293=PLANE('',#3000);
#294=PLANE('',#3001);
#295=PLANE('',#3002);
#296=PLANE('',#3003);
#297=PLANE('',#3004);
#298=PLANE('',#3005);
#299=PLANE('',#3006);
#300=PLANE('',#3007);
#301=PLANE('',#3008);
#302=PLANE('',#3009);
#303=PLANE('',#3010);
#304=PLANE('',#3011);
#305=PLANE('',#3012);
#306=PLANE('',#3013);
#307=PLANE('',#3014);
#308=PLANE('',#3015);
#309=PLANE('',#3016);
#310=PLANE('',#3017);
#311=PLANE('',#3018);
#312=PLANE('',#3019);
#313=PLANE('',#3020);
#314=PLANE('',#3024);
#315=PLANE('',#3028);
#316=PLANE('',#3029);
#317=PLANE('',#3030);
#318=PLANE('',#3032);
#319=PLANE('',#3033);
#320=PLANE('',#3034);
#321=PLANE('',#3036);
#322=PLANE('',#3038);
#323=PLANE('',#3039);
#324=PLANE('',#3040);
#325=PLANE('',#3041);
#326=PLANE('',#3042);
#327=PLANE('',#3043);
#328=PLANE('',#3044);
#329=PLANE('',#3045);
#330=PLANE('',#3046);
#331=PLANE('',#3047);
#332=PLANE('',#3048);
#333=PLANE('',#3049);
#334=PLANE('',#3050);
#335=PLANE('',#3051);
#336=PLANE('',#3052);
#337=PLANE('',#3056);
#338=PLANE('',#3060);
#339=PLANE('',#3061);
#340=PLANE('',#3062);
#341=PLANE('',#3066);
#342=PLANE('',#3067);
#343=PLANE('',#3068);
#344=PLANE('',#3069);
#345=PLANE('',#3070);
#346=PLANE('',#3071);
#347=PLANE('',#3072);
#348=PLANE('',#3076);
#349=PLANE('',#3080);
#350=PLANE('',#3081);
#351=PLANE('',#3082);
#352=PLANE('',#3086);
#353=PLANE('',#3087);
#354=PLANE('',#3088);
#355=PLANE('',#3089);
#356=PLANE('',#3090);
#357=PLANE('',#3091);
#358=FACE_OUTER_BOUND('',#500,.T.);
#359=FACE_OUTER_BOUND('',#501,.T.);
#360=FACE_OUTER_BOUND('',#504,.T.);
#361=FACE_OUTER_BOUND('',#505,.T.);
#362=FACE_OUTER_BOUND('',#506,.T.);
#363=FACE_OUTER_BOUND('',#507,.T.);
#364=FACE_OUTER_BOUND('',#508,.T.);
#365=FACE_OUTER_BOUND('',#509,.T.);
#366=FACE_OUTER_BOUND('',#510,.T.);
#367=FACE_OUTER_BOUND('',#511,.T.);
#368=FACE_OUTER_BOUND('',#512,.T.);
#369=FACE_OUTER_BOUND('',#513,.T.);
#370=FACE_OUTER_BOUND('',#514,.T.);
#371=FACE_OUTER_BOUND('',#515,.T.);
#372=FACE_OUTER_BOUND('',#516,.T.);
#373=FACE_OUTER_BOUND('',#517,.T.);
#374=FACE_OUTER_BOUND('',#518,.T.);
#375=FACE_OUTER_BOUND('',#519,.T.);
#376=FACE_OUTER_BOUND('',#520,.T.);
#377=FACE_OUTER_BOUND('',#521,.T.);
#378=FACE_OUTER_BOUND('',#522,.T.);
#379=FACE_OUTER_BOUND('',#523,.T.);
#380=FACE_OUTER_BOUND('',#524,.T.);
#381=FACE_OUTER_BOUND('',#525,.T.);
#382=FACE_OUTER_BOUND('',#526,.T.);
#383=FACE_OUTER_BOUND('',#527,.T.);
#384=FACE_OUTER_BOUND('',#528,.T.);
#385=FACE_OUTER_BOUND('',#529,.T.);
#386=FACE_OUTER_BOUND('',#530,.T.);
#387=FACE_OUTER_BOUND('',#531,.T.);
#388=FACE_OUTER_BOUND('',#534,.T.);
#389=FACE_OUTER_BOUND('',#535,.T.);
#390=FACE_OUTER_BOUND('',#536,.T.);
#391=FACE_OUTER_BOUND('',#537,.T.);
#392=FACE_OUTER_BOUND('',#538,.T.);
#393=FACE_OUTER_BOUND('',#543,.T.);
#394=FACE_OUTER_BOUND('',#544,.T.);
#395=FACE_OUTER_BOUND('',#545,.T.);
#396=FACE_OUTER_BOUND('',#546,.T.);
#397=FACE_OUTER_BOUND('',#547,.T.);
#398=FACE_OUTER_BOUND('',#548,.T.);
#399=FACE_OUTER_BOUND('',#549,.T.);
#400=FACE_OUTER_BOUND('',#550,.T.);
#401=FACE_OUTER_BOUND('',#551,.T.);
#402=FACE_OUTER_BOUND('',#552,.T.);
#403=FACE_OUTER_BOUND('',#553,.T.);
#404=FACE_OUTER_BOUND('',#554,.T.);
#405=FACE_OUTER_BOUND('',#555,.T.);
#406=FACE_OUTER_BOUND('',#556,.T.);
#407=FACE_OUTER_BOUND('',#557,.T.);
#408=FACE_OUTER_BOUND('',#558,.T.);
#409=FACE_OUTER_BOUND('',#559,.T.);
#410=FACE_OUTER_BOUND('',#560,.T.);
#411=FACE_OUTER_BOUND('',#561,.T.);
#412=FACE_OUTER_BOUND('',#562,.T.);
#413=FACE_OUTER_BOUND('',#563,.T.);
#414=FACE_OUTER_BOUND('',#564,.T.);
#415=FACE_OUTER_BOUND('',#565,.T.);
#416=FACE_OUTER_BOUND('',#566,.T.);
#417=FACE_OUTER_BOUND('',#567,.T.);
#418=FACE_OUTER_BOUND('',#568,.T.);
#419=FACE_OUTER_BOUND('',#569,.T.);
#420=FACE_OUTER_BOUND('',#570,.T.);
#421=FACE_OUTER_BOUND('',#571,.T.);
#422=FACE_OUTER_BOUND('',#572,.T.);
#423=FACE_OUTER_BOUND('',#573,.T.);
#424=FACE_OUTER_BOUND('',#574,.T.);
#425=FACE_OUTER_BOUND('',#575,.T.);
#426=FACE_OUTER_BOUND('',#576,.T.);
#427=FACE_OUTER_BOUND('',#577,.T.);
#428=FACE_OUTER_BOUND('',#578,.T.);
#429=FACE_OUTER_BOUND('',#579,.T.);
#430=FACE_OUTER_BOUND('',#580,.T.);
#431=FACE_OUTER_BOUND('',#581,.T.);
#432=FACE_OUTER_BOUND('',#582,.T.);
#433=FACE_OUTER_BOUND('',#583,.T.);
#434=FACE_OUTER_BOUND('',#584,.T.);
#435=FACE_OUTER_BOUND('',#585,.T.);
#436=FACE_OUTER_BOUND('',#586,.T.);
#437=FACE_OUTER_BOUND('',#587,.T.);
#438=FACE_OUTER_BOUND('',#588,.T.);
#439=FACE_OUTER_BOUND('',#589,.T.);
#440=FACE_OUTER_BOUND('',#590,.T.);
#441=FACE_OUTER_BOUND('',#591,.T.);
#442=FACE_OUTER_BOUND('',#592,.T.);
#443=FACE_OUTER_BOUND('',#593,.T.);
#444=FACE_OUTER_BOUND('',#594,.T.);
#445=FACE_OUTER_BOUND('',#595,.T.);
#446=FACE_OUTER_BOUND('',#596,.T.);
#447=FACE_OUTER_BOUND('',#597,.T.);
#448=FACE_OUTER_BOUND('',#598,.T.);
#449=FACE_OUTER_BOUND('',#599,.T.);
#450=FACE_OUTER_BOUND('',#600,.T.);
#451=FACE_OUTER_BOUND('',#601,.T.);
#452=FACE_OUTER_BOUND('',#602,.T.);
#453=FACE_OUTER_BOUND('',#603,.T.);
#454=FACE_OUTER_BOUND('',#604,.T.);
#455=FACE_OUTER_BOUND('',#605,.T.);
#456=FACE_OUTER_BOUND('',#606,.T.);
#457=FACE_OUTER_BOUND('',#607,.T.);
#458=FACE_OUTER_BOUND('',#608,.T.);
#459=FACE_OUTER_BOUND('',#609,.T.);
#460=FACE_OUTER_BOUND('',#610,.T.);
#461=FACE_OUTER_BOUND('',#611,.T.);
#462=FACE_OUTER_BOUND('',#612,.T.);
#463=FACE_OUTER_BOUND('',#613,.T.);
#464=FACE_OUTER_BOUND('',#614,.T.);
#465=FACE_OUTER_BOUND('',#615,.T.);
#466=FACE_OUTER_BOUND('',#616,.T.);
#467=FACE_OUTER_BOUND('',#617,.T.);
#468=FACE_OUTER_BOUND('',#618,.T.);
#469=FACE_OUTER_BOUND('',#619,.T.);
#470=FACE_OUTER_BOUND('',#620,.T.);
#471=FACE_OUTER_BOUND('',#621,.T.);
#472=FACE_OUTER_BOUND('',#622,.T.);
#473=FACE_OUTER_BOUND('',#623,.T.);
#474=FACE_OUTER_BOUND('',#624,.T.);
#475=FACE_OUTER_BOUND('',#625,.T.);
#476=FACE_OUTER_BOUND('',#626,.T.);
#477=FACE_OUTER_BOUND('',#627,.T.);
#478=FACE_OUTER_BOUND('',#628,.T.);
#479=FACE_OUTER_BOUND('',#629,.T.);
#480=FACE_OUTER_BOUND('',#630,.T.);
#481=FACE_OUTER_BOUND('',#631,.T.);
#482=FACE_OUTER_BOUND('',#632,.T.);
#483=FACE_OUTER_BOUND('',#633,.T.);
#484=FACE_OUTER_BOUND('',#634,.T.);
#485=FACE_OUTER_BOUND('',#635,.T.);
#486=FACE_OUTER_BOUND('',#636,.T.);
#487=FACE_OUTER_BOUND('',#637,.T.);
#488=FACE_OUTER_BOUND('',#638,.T.);
#489=FACE_OUTER_BOUND('',#639,.T.);
#490=FACE_OUTER_BOUND('',#640,.T.);
#491=FACE_OUTER_BOUND('',#641,.T.);
#492=FACE_OUTER_BOUND('',#642,.T.);
#493=FACE_OUTER_BOUND('',#643,.T.);
#494=FACE_OUTER_BOUND('',#644,.T.);
#495=FACE_OUTER_BOUND('',#645,.T.);
#496=FACE_OUTER_BOUND('',#646,.T.);
#497=FACE_OUTER_BOUND('',#647,.T.);
#498=FACE_OUTER_BOUND('',#648,.T.);
#499=FACE_OUTER_BOUND('',#649,.T.);
#500=EDGE_LOOP('',(#650,#651,#652,#653,#654,#655,#656,#657,#658,#659,#660,
#661,#662,#663,#664,#665,#666,#667,#668,#669,#670,#671));
#501=EDGE_LOOP('',(#672,#673,#674,#675,#676,#677,#678,#679));
#502=EDGE_LOOP('',(#680,#681,#682,#683,#684,#685));
#503=EDGE_LOOP('',(#686,#687,#688,#689));
#504=EDGE_LOOP('',(#690,#691,#692,#693,#694,#695,#696,#697));
#505=EDGE_LOOP('',(#698,#699,#700,#701,#702,#703,#704,#705,#706,#707,#708,
#709,#710,#711,#712,#713));
#506=EDGE_LOOP('',(#714,#715,#716,#717));
#507=EDGE_LOOP('',(#718,#719,#720,#721));
#508=EDGE_LOOP('',(#722,#723,#724,#725));
#509=EDGE_LOOP('',(#726,#727,#728,#729));
#510=EDGE_LOOP('',(#730,#731,#732,#733));
#511=EDGE_LOOP('',(#734,#735,#736,#737));
#512=EDGE_LOOP('',(#738,#739,#740,#741));
#513=EDGE_LOOP('',(#742,#743,#744,#745));
#514=EDGE_LOOP('',(#746,#747,#748,#749));
#515=EDGE_LOOP('',(#750,#751,#752,#753));
#516=EDGE_LOOP('',(#754,#755,#756,#757,#758,#759));
#517=EDGE_LOOP('',(#760,#761,#762,#763,#764,#765));
#518=EDGE_LOOP('',(#766,#767,#768,#769));
#519=EDGE_LOOP('',(#770,#771,#772,#773,#774));
#520=EDGE_LOOP('',(#775,#776,#777,#778,#779,#780,#781,#782));
#521=EDGE_LOOP('',(#783,#784,#785,#786));
#522=EDGE_LOOP('',(#787,#788,#789,#790));
#523=EDGE_LOOP('',(#791,#792,#793,#794));
#524=EDGE_LOOP('',(#795,#796,#797,#798,#799,#800,#801,#802,#803,#804,#805,
#806,#807,#808,#809,#810,#811,#812,#813,#814));
#525=EDGE_LOOP('',(#815,#816,#817,#818,#819,#820,#821,#822,#823,#824,#825,
#826,#827,#828,#829,#830,#831,#832,#833,#834));
#526=EDGE_LOOP('',(#835,#836,#837,#838));
#527=EDGE_LOOP('',(#839,#840,#841,#842,#843));
#528=EDGE_LOOP('',(#844,#845,#846,#847,#848,#849));
#529=EDGE_LOOP('',(#850,#851,#852,#853,#854,#855,#856,#857));
#530=EDGE_LOOP('',(#858,#859,#860,#861));
#531=EDGE_LOOP('',(#862,#863,#864,#865));
#532=EDGE_LOOP('',(#866,#867,#868,#869));
#533=EDGE_LOOP('',(#870,#871,#872,#873,#874,#875));
#534=EDGE_LOOP('',(#876,#877,#878,#879));
#535=EDGE_LOOP('',(#880,#881,#882,#883));
#536=EDGE_LOOP('',(#884,#885,#886,#887));
#537=EDGE_LOOP('',(#888,#889,#890,#891));
#538=EDGE_LOOP('',(#892,#893,#894,#895));
#539=EDGE_LOOP('',(#896,#897,#898,#899));
#540=EDGE_LOOP('',(#900,#901,#902,#903));
#541=EDGE_LOOP('',(#904,#905,#906,#907));
#542=EDGE_LOOP('',(#908,#909,#910,#911,#912,#913,#914,#915));
#543=EDGE_LOOP('',(#916,#917,#918,#919));
#544=EDGE_LOOP('',(#920,#921,#922,#923));
#545=EDGE_LOOP('',(#924,#925,#926,#927));
#546=EDGE_LOOP('',(#928,#929,#930,#931,#932));
#547=EDGE_LOOP('',(#933,#934,#935,#936));
#548=EDGE_LOOP('',(#937,#938,#939,#940,#941,#942,#943,#944,#945,#946,#947,
#948,#949,#950));
#549=EDGE_LOOP('',(#951,#952,#953,#954,#955,#956,#957,#958,#959,#960,#961,
#962,#963,#964));
#550=EDGE_LOOP('',(#965,#966,#967,#968));
#551=EDGE_LOOP('',(#969,#970,#971,#972,#973));
#552=EDGE_LOOP('',(#974,#975,#976,#977,#978,#979));
#553=EDGE_LOOP('',(#980,#981,#982,#983,#984,#985));
#554=EDGE_LOOP('',(#986,#987,#988,#989,#990,#991,#992,#993,#994,#995,#996,
#997,#998,#999,#1000,#1001,#1002,#1003,#1004,#1005,#1006,#1007,#1008,#1009,
#1010,#1011,#1012,#1013));
#555=EDGE_LOOP('',(#1014,#1015,#1016,#1017,#1018,#1019));
#556=EDGE_LOOP('',(#1020,#1021,#1022,#1023,#1024,#1025));
#557=EDGE_LOOP('',(#1026,#1027,#1028,#1029));
#558=EDGE_LOOP('',(#1030,#1031,#1032,#1033));
#559=EDGE_LOOP('',(#1034,#1035,#1036,#1037));
#560=EDGE_LOOP('',(#1038,#1039,#1040,#1041));
#561=EDGE_LOOP('',(#1042,#1043,#1044,#1045));
#562=EDGE_LOOP('',(#1046,#1047,#1048,#1049));
#563=EDGE_LOOP('',(#1050,#1051,#1052,#1053,#1054));
#564=EDGE_LOOP('',(#1055,#1056,#1057,#1058));
#565=EDGE_LOOP('',(#1059,#1060,#1061,#1062));
#566=EDGE_LOOP('',(#1063,#1064,#1065,#1066,#1067));
#567=EDGE_LOOP('',(#1068,#1069,#1070,#1071));
#568=EDGE_LOOP('',(#1072,#1073,#1074,#1075,#1076,#1077));
#569=EDGE_LOOP('',(#1078,#1079,#1080,#1081,#1082,#1083));
#570=EDGE_LOOP('',(#1084,#1085,#1086,#1087));
#571=EDGE_LOOP('',(#1088,#1089,#1090,#1091));
#572=EDGE_LOOP('',(#1092,#1093,#1094,#1095));
#573=EDGE_LOOP('',(#1096,#1097,#1098,#1099));
#574=EDGE_LOOP('',(#1100,#1101,#1102,#1103));
#575=EDGE_LOOP('',(#1104,#1105,#1106,#1107));
#576=EDGE_LOOP('',(#1108,#1109,#1110,#1111));
#577=EDGE_LOOP('',(#1112,#1113,#1114,#1115));
#578=EDGE_LOOP('',(#1116,#1117,#1118,#1119,#1120,#1121));
#579=EDGE_LOOP('',(#1122,#1123,#1124,#1125,#1126,#1127));
#580=EDGE_LOOP('',(#1128,#1129,#1130,#1131));
#581=EDGE_LOOP('',(#1132,#1133,#1134,#1135));
#582=EDGE_LOOP('',(#1136,#1137,#1138,#1139));
#583=EDGE_LOOP('',(#1140,#1141,#1142,#1143));
#584=EDGE_LOOP('',(#1144,#1145,#1146,#1147));
#585=EDGE_LOOP('',(#1148,#1149,#1150,#1151));
#586=EDGE_LOOP('',(#1152,#1153,#1154,#1155));
#587=EDGE_LOOP('',(#1156,#1157,#1158,#1159));
#588=EDGE_LOOP('',(#1160,#1161,#1162,#1163,#1164,#1165));
#589=EDGE_LOOP('',(#1166,#1167,#1168,#1169,#1170,#1171));
#590=EDGE_LOOP('',(#1172,#1173,#1174,#1175));
#591=EDGE_LOOP('',(#1176,#1177,#1178,#1179,#1180,#1181));
#592=EDGE_LOOP('',(#1182,#1183,#1184,#1185,#1186,#1187));
#593=EDGE_LOOP('',(#1188,#1189,#1190,#1191));
#594=EDGE_LOOP('',(#1192,#1193,#1194,#1195));
#595=EDGE_LOOP('',(#1196,#1197,#1198,#1199));
#596=EDGE_LOOP('',(#1200,#1201,#1202,#1203));
#597=EDGE_LOOP('',(#1204,#1205,#1206,#1207,#1208,#1209,#1210,#1211,#1212,
#1213,#1214,#1215,#1216));
#598=EDGE_LOOP('',(#1217,#1218,#1219,#1220,#1221,#1222,#1223,#1224,#1225,
#1226,#1227,#1228,#1229));
#599=EDGE_LOOP('',(#1230,#1231,#1232,#1233));
#600=EDGE_LOOP('',(#1234,#1235,#1236,#1237));
#601=EDGE_LOOP('',(#1238,#1239,#1240,#1241));
#602=EDGE_LOOP('',(#1242,#1243,#1244,#1245));
#603=EDGE_LOOP('',(#1246,#1247,#1248,#1249));
#604=EDGE_LOOP('',(#1250,#1251,#1252,#1253));
#605=EDGE_LOOP('',(#1254,#1255,#1256,#1257));
#606=EDGE_LOOP('',(#1258,#1259,#1260,#1261));
#607=EDGE_LOOP('',(#1262,#1263,#1264,#1265));
#608=EDGE_LOOP('',(#1266,#1267,#1268,#1269));
#609=EDGE_LOOP('',(#1270,#1271,#1272,#1273));
#610=EDGE_LOOP('',(#1274,#1275,#1276,#1277));
#611=EDGE_LOOP('',(#1278,#1279,#1280,#1281));
#612=EDGE_LOOP('',(#1282,#1283,#1284,#1285));
#613=EDGE_LOOP('',(#1286,#1287,#1288,#1289));
#614=EDGE_LOOP('',(#1290,#1291,#1292,#1293));
#615=EDGE_LOOP('',(#1294,#1295,#1296,#1297));
#616=EDGE_LOOP('',(#1298,#1299,#1300,#1301));
#617=EDGE_LOOP('',(#1302,#1303,#1304,#1305));
#618=EDGE_LOOP('',(#1306,#1307,#1308,#1309));
#619=EDGE_LOOP('',(#1310,#1311,#1312,#1313));
#620=EDGE_LOOP('',(#1314,#1315,#1316,#1317));
#621=EDGE_LOOP('',(#1318,#1319,#1320,#1321));
#622=EDGE_LOOP('',(#1322,#1323,#1324,#1325));
#623=EDGE_LOOP('',(#1326,#1327,#1328,#1329));
#624=EDGE_LOOP('',(#1330,#1331,#1332,#1333));
#625=EDGE_LOOP('',(#1334,#1335,#1336,#1337));
#626=EDGE_LOOP('',(#1338,#1339,#1340,#1341));
#627=EDGE_LOOP('',(#1342,#1343,#1344,#1345));
#628=EDGE_LOOP('',(#1346,#1347,#1348,#1349));
#629=EDGE_LOOP('',(#1350,#1351,#1352,#1353));
#630=EDGE_LOOP('',(#1354,#1355,#1356,#1357));
#631=EDGE_LOOP('',(#1358,#1359,#1360,#1361));
#632=EDGE_LOOP('',(#1362,#1363,#1364,#1365,#1366,#1367,#1368,#1369,#1370,
#1371,#1372,#1373,#1374));
#633=EDGE_LOOP('',(#1375,#1376,#1377,#1378,#1379,#1380,#1381,#1382,#1383,
#1384,#1385,#1386,#1387));
#634=EDGE_LOOP('',(#1388,#1389,#1390,#1391));
#635=EDGE_LOOP('',(#1392,#1393,#1394,#1395));
#636=EDGE_LOOP('',(#1396,#1397,#1398,#1399));
#637=EDGE_LOOP('',(#1400,#1401,#1402,#1403));
#638=EDGE_LOOP('',(#1404,#1405,#1406,#1407));
#639=EDGE_LOOP('',(#1408,#1409,#1410,#1411));
#640=EDGE_LOOP('',(#1412,#1413,#1414,#1415));
#641=EDGE_LOOP('',(#1416,#1417,#1418,#1419));
#642=EDGE_LOOP('',(#1420,#1421,#1422,#1423));
#643=EDGE_LOOP('',(#1424,#1425,#1426,#1427));
#644=EDGE_LOOP('',(#1428,#1429,#1430,#1431));
#645=EDGE_LOOP('',(#1432,#1433,#1434,#1435));
#646=EDGE_LOOP('',(#1436,#1437,#1438,#1439,#1440,#1441,#1442,#1443,#1444,
#1445,#1446,#1447,#1448));
#647=EDGE_LOOP('',(#1449,#1450,#1451,#1452,#1453,#1454,#1455,#1456,#1457,
#1458,#1459,#1460,#1461));
#648=EDGE_LOOP('',(#1462,#1463,#1464,#1465));
#649=EDGE_LOOP('',(#1466,#1467,#1468,#1469));
#650=ORIENTED_EDGE('',*,*,#1742,.F.);
#651=ORIENTED_EDGE('',*,*,#1743,.T.);
#652=ORIENTED_EDGE('',*,*,#1744,.T.);
#653=ORIENTED_EDGE('',*,*,#1745,.F.);
#654=ORIENTED_EDGE('',*,*,#1746,.F.);
#655=ORIENTED_EDGE('',*,*,#1747,.T.);
#656=ORIENTED_EDGE('',*,*,#1748,.T.);
#657=ORIENTED_EDGE('',*,*,#1749,.T.);
#658=ORIENTED_EDGE('',*,*,#1750,.T.);
#659=ORIENTED_EDGE('',*,*,#1751,.T.);
#660=ORIENTED_EDGE('',*,*,#1752,.F.);
#661=ORIENTED_EDGE('',*,*,#1753,.F.);
#662=ORIENTED_EDGE('',*,*,#1754,.T.);
#663=ORIENTED_EDGE('',*,*,#1755,.T.);
#664=ORIENTED_EDGE('',*,*,#1756,.T.);
#665=ORIENTED_EDGE('',*,*,#1757,.F.);
#666=ORIENTED_EDGE('',*,*,#1758,.T.);
#667=ORIENTED_EDGE('',*,*,#1759,.F.);
#668=ORIENTED_EDGE('',*,*,#1760,.F.);
#669=ORIENTED_EDGE('',*,*,#1761,.T.);
#670=ORIENTED_EDGE('',*,*,#1762,.T.);
#671=ORIENTED_EDGE('',*,*,#1763,.F.);
#672=ORIENTED_EDGE('',*,*,#1764,.F.);
#673=ORIENTED_EDGE('',*,*,#1765,.T.);
#674=ORIENTED_EDGE('',*,*,#1766,.F.);
#675=ORIENTED_EDGE('',*,*,#1767,.F.);
#676=ORIENTED_EDGE('',*,*,#1768,.T.);
#677=ORIENTED_EDGE('',*,*,#1769,.F.);
#678=ORIENTED_EDGE('',*,*,#1770,.F.);
#679=ORIENTED_EDGE('',*,*,#1771,.F.);
#680=ORIENTED_EDGE('',*,*,#1772,.F.);
#681=ORIENTED_EDGE('',*,*,#1773,.F.);
#682=ORIENTED_EDGE('',*,*,#1774,.F.);
#683=ORIENTED_EDGE('',*,*,#1775,.F.);
#684=ORIENTED_EDGE('',*,*,#1776,.T.);
#685=ORIENTED_EDGE('',*,*,#1777,.T.);
#686=ORIENTED_EDGE('',*,*,#1778,.F.);
#687=ORIENTED_EDGE('',*,*,#1779,.T.);
#688=ORIENTED_EDGE('',*,*,#1780,.F.);
#689=ORIENTED_EDGE('',*,*,#1781,.F.);
#690=ORIENTED_EDGE('',*,*,#1782,.T.);
#691=ORIENTED_EDGE('',*,*,#1783,.T.);
#692=ORIENTED_EDGE('',*,*,#1784,.F.);
#693=ORIENTED_EDGE('',*,*,#1785,.F.);
#694=ORIENTED_EDGE('',*,*,#1786,.T.);
#695=ORIENTED_EDGE('',*,*,#1787,.T.);
#696=ORIENTED_EDGE('',*,*,#1788,.T.);
#697=ORIENTED_EDGE('',*,*,#1789,.F.);
#698=ORIENTED_EDGE('',*,*,#1790,.F.);
#699=ORIENTED_EDGE('',*,*,#1791,.T.);
#700=ORIENTED_EDGE('',*,*,#1792,.F.);
#701=ORIENTED_EDGE('',*,*,#1793,.F.);
#702=ORIENTED_EDGE('',*,*,#1794,.F.);
#703=ORIENTED_EDGE('',*,*,#1795,.F.);
#704=ORIENTED_EDGE('',*,*,#1796,.F.);
#705=ORIENTED_EDGE('',*,*,#1797,.F.);
#706=ORIENTED_EDGE('',*,*,#1798,.F.);
#707=ORIENTED_EDGE('',*,*,#1799,.T.);
#708=ORIENTED_EDGE('',*,*,#1800,.T.);
#709=ORIENTED_EDGE('',*,*,#1801,.F.);
#710=ORIENTED_EDGE('',*,*,#1802,.F.);
#711=ORIENTED_EDGE('',*,*,#1803,.F.);
#712=ORIENTED_EDGE('',*,*,#1804,.T.);
#713=ORIENTED_EDGE('',*,*,#1805,.F.);
#714=ORIENTED_EDGE('',*,*,#1806,.F.);
#715=ORIENTED_EDGE('',*,*,#1807,.T.);
#716=ORIENTED_EDGE('',*,*,#1808,.T.);
#717=ORIENTED_EDGE('',*,*,#1809,.F.);
#718=ORIENTED_EDGE('',*,*,#1810,.F.);
#719=ORIENTED_EDGE('',*,*,#1811,.F.);
#720=ORIENTED_EDGE('',*,*,#1812,.F.);
#721=ORIENTED_EDGE('',*,*,#1813,.T.);
#722=ORIENTED_EDGE('',*,*,#1814,.F.);
#723=ORIENTED_EDGE('',*,*,#1768,.F.);
#724=ORIENTED_EDGE('',*,*,#1815,.F.);
#725=ORIENTED_EDGE('',*,*,#1816,.F.);
#726=ORIENTED_EDGE('',*,*,#1817,.F.);
#727=ORIENTED_EDGE('',*,*,#1804,.F.);
#728=ORIENTED_EDGE('',*,*,#1818,.F.);
#729=ORIENTED_EDGE('',*,*,#1777,.F.);
#730=ORIENTED_EDGE('',*,*,#1819,.F.);
#731=ORIENTED_EDGE('',*,*,#1820,.F.);
#732=ORIENTED_EDGE('',*,*,#1821,.F.);
#733=ORIENTED_EDGE('',*,*,#1773,.T.);
#734=ORIENTED_EDGE('',*,*,#1822,.F.);
#735=ORIENTED_EDGE('',*,*,#1823,.F.);
#736=ORIENTED_EDGE('',*,*,#1824,.F.);
#737=ORIENTED_EDGE('',*,*,#1820,.T.);
#738=ORIENTED_EDGE('',*,*,#1825,.F.);
#739=ORIENTED_EDGE('',*,*,#1826,.T.);
#740=ORIENTED_EDGE('',*,*,#1827,.F.);
#741=ORIENTED_EDGE('',*,*,#1823,.T.);
#742=ORIENTED_EDGE('',*,*,#1828,.F.);
#743=ORIENTED_EDGE('',*,*,#1792,.T.);
#744=ORIENTED_EDGE('',*,*,#1829,.F.);
#745=ORIENTED_EDGE('',*,*,#1830,.T.);
#746=ORIENTED_EDGE('',*,*,#1831,.F.);
#747=ORIENTED_EDGE('',*,*,#1830,.F.);
#748=ORIENTED_EDGE('',*,*,#1832,.F.);
#749=ORIENTED_EDGE('',*,*,#1807,.F.);
#750=ORIENTED_EDGE('',*,*,#1833,.F.);
#751=ORIENTED_EDGE('',*,*,#1809,.T.);
#752=ORIENTED_EDGE('',*,*,#1834,.F.);
#753=ORIENTED_EDGE('',*,*,#1835,.T.);
#754=ORIENTED_EDGE('',*,*,#1836,.F.);
#755=ORIENTED_EDGE('',*,*,#1837,.T.);
#756=ORIENTED_EDGE('',*,*,#1838,.T.);
#757=ORIENTED_EDGE('',*,*,#1839,.F.);
#758=ORIENTED_EDGE('',*,*,#1840,.F.);
#759=ORIENTED_EDGE('',*,*,#1841,.F.);
#760=ORIENTED_EDGE('',*,*,#1842,.F.);
#761=ORIENTED_EDGE('',*,*,#1788,.F.);
#762=ORIENTED_EDGE('',*,*,#1843,.F.);
#763=ORIENTED_EDGE('',*,*,#1844,.T.);
#764=ORIENTED_EDGE('',*,*,#1845,.F.);
#765=ORIENTED_EDGE('',*,*,#1846,.F.);
#766=ORIENTED_EDGE('',*,*,#1847,.F.);
#767=ORIENTED_EDGE('',*,*,#1848,.T.);
#768=ORIENTED_EDGE('',*,*,#1844,.F.);
#769=ORIENTED_EDGE('',*,*,#1849,.T.);
#770=ORIENTED_EDGE('',*,*,#1850,.F.);
#771=ORIENTED_EDGE('',*,*,#1851,.T.);
#772=ORIENTED_EDGE('',*,*,#1847,.T.);
#773=ORIENTED_EDGE('',*,*,#1852,.T.);
#774=ORIENTED_EDGE('',*,*,#1853,.F.);
#775=ORIENTED_EDGE('',*,*,#1854,.F.);
#776=ORIENTED_EDGE('',*,*,#1770,.T.);
#777=ORIENTED_EDGE('',*,*,#1855,.F.);
#778=ORIENTED_EDGE('',*,*,#1839,.T.);
#779=ORIENTED_EDGE('',*,*,#1856,.F.);
#780=ORIENTED_EDGE('',*,*,#1766,.T.);
#781=ORIENTED_EDGE('',*,*,#1857,.T.);
#782=ORIENTED_EDGE('',*,*,#1858,.T.);
#783=ORIENTED_EDGE('',*,*,#1859,.T.);
#784=ORIENTED_EDGE('',*,*,#1860,.T.);
#785=ORIENTED_EDGE('',*,*,#1861,.F.);
#786=ORIENTED_EDGE('',*,*,#1862,.F.);
#787=ORIENTED_EDGE('',*,*,#1863,.F.);
#788=ORIENTED_EDGE('',*,*,#1864,.F.);
#789=ORIENTED_EDGE('',*,*,#1865,.T.);
#790=ORIENTED_EDGE('',*,*,#1866,.T.);
#791=ORIENTED_EDGE('',*,*,#1826,.F.);
#792=ORIENTED_EDGE('',*,*,#1867,.T.);
#793=ORIENTED_EDGE('',*,*,#1816,.T.);
#794=ORIENTED_EDGE('',*,*,#1868,.T.);
#795=ORIENTED_EDGE('',*,*,#1869,.F.);
#796=ORIENTED_EDGE('',*,*,#1797,.T.);
#797=ORIENTED_EDGE('',*,*,#1870,.F.);
#798=ORIENTED_EDGE('',*,*,#1871,.F.);
#799=ORIENTED_EDGE('',*,*,#1862,.T.);
#800=ORIENTED_EDGE('',*,*,#1872,.F.);
#801=ORIENTED_EDGE('',*,*,#1873,.F.);
#802=ORIENTED_EDGE('',*,*,#1864,.T.);
#803=ORIENTED_EDGE('',*,*,#1874,.F.);
#804=ORIENTED_EDGE('',*,*,#1852,.F.);
#805=ORIENTED_EDGE('',*,*,#1849,.F.);
#806=ORIENTED_EDGE('',*,*,#1843,.T.);
#807=ORIENTED_EDGE('',*,*,#1787,.F.);
#808=ORIENTED_EDGE('',*,*,#1875,.F.);
#809=ORIENTED_EDGE('',*,*,#1876,.F.);
#810=ORIENTED_EDGE('',*,*,#1812,.T.);
#811=ORIENTED_EDGE('',*,*,#1877,.F.);
#812=ORIENTED_EDGE('',*,*,#1878,.F.);
#813=ORIENTED_EDGE('',*,*,#1879,.F.);
#814=ORIENTED_EDGE('',*,*,#1880,.F.);
#815=ORIENTED_EDGE('',*,*,#1881,.F.);
#816=ORIENTED_EDGE('',*,*,#1774,.T.);
#817=ORIENTED_EDGE('',*,*,#1821,.T.);
#818=ORIENTED_EDGE('',*,*,#1824,.T.);
#819=ORIENTED_EDGE('',*,*,#1827,.T.);
#820=ORIENTED_EDGE('',*,*,#1868,.F.);
#821=ORIENTED_EDGE('',*,*,#1815,.T.);
#822=ORIENTED_EDGE('',*,*,#1767,.T.);
#823=ORIENTED_EDGE('',*,*,#1856,.T.);
#824=ORIENTED_EDGE('',*,*,#1838,.F.);
#825=ORIENTED_EDGE('',*,*,#1882,.T.);
#826=ORIENTED_EDGE('',*,*,#1883,.T.);
#827=ORIENTED_EDGE('',*,*,#1884,.T.);
#828=ORIENTED_EDGE('',*,*,#1866,.F.);
#829=ORIENTED_EDGE('',*,*,#1885,.T.);
#830=ORIENTED_EDGE('',*,*,#1834,.T.);
#831=ORIENTED_EDGE('',*,*,#1808,.F.);
#832=ORIENTED_EDGE('',*,*,#1832,.T.);
#833=ORIENTED_EDGE('',*,*,#1829,.T.);
#834=ORIENTED_EDGE('',*,*,#1791,.F.);
#835=ORIENTED_EDGE('',*,*,#1886,.F.);
#836=ORIENTED_EDGE('',*,*,#1887,.F.);
#837=ORIENTED_EDGE('',*,*,#1882,.F.);
#838=ORIENTED_EDGE('',*,*,#1837,.F.);
#839=ORIENTED_EDGE('',*,*,#1888,.F.);
#840=ORIENTED_EDGE('',*,*,#1889,.F.);
#841=ORIENTED_EDGE('',*,*,#1883,.F.);
#842=ORIENTED_EDGE('',*,*,#1887,.T.);
#843=ORIENTED_EDGE('',*,*,#1890,.T.);
#844=ORIENTED_EDGE('',*,*,#1884,.F.);
#845=ORIENTED_EDGE('',*,*,#1889,.T.);
#846=ORIENTED_EDGE('',*,*,#1753,.T.);
#847=ORIENTED_EDGE('',*,*,#1853,.T.);
#848=ORIENTED_EDGE('',*,*,#1874,.T.);
#849=ORIENTED_EDGE('',*,*,#1863,.T.);
#850=ORIENTED_EDGE('',*,*,#1891,.F.);
#851=ORIENTED_EDGE('',*,*,#1892,.T.);
#852=ORIENTED_EDGE('',*,*,#1893,.T.);
#853=ORIENTED_EDGE('',*,*,#1782,.F.);
#854=ORIENTED_EDGE('',*,*,#1894,.F.);
#855=ORIENTED_EDGE('',*,*,#1895,.T.);
#856=ORIENTED_EDGE('',*,*,#1875,.T.);
#857=ORIENTED_EDGE('',*,*,#1786,.F.);
#858=ORIENTED_EDGE('',*,*,#1896,.F.);
#859=ORIENTED_EDGE('',*,*,#1813,.F.);
#860=ORIENTED_EDGE('',*,*,#1876,.T.);
#861=ORIENTED_EDGE('',*,*,#1895,.F.);
#862=ORIENTED_EDGE('',*,*,#1897,.F.);
#863=ORIENTED_EDGE('',*,*,#1898,.F.);
#864=ORIENTED_EDGE('',*,*,#1899,.F.);
#865=ORIENTED_EDGE('',*,*,#1800,.F.);
#866=ORIENTED_EDGE('',*,*,#1900,.F.);
#867=ORIENTED_EDGE('',*,*,#1901,.T.);
#868=ORIENTED_EDGE('',*,*,#1902,.T.);
#869=ORIENTED_EDGE('',*,*,#1903,.T.);
#870=ORIENTED_EDGE('',*,*,#1880,.T.);
#871=ORIENTED_EDGE('',*,*,#1904,.F.);
#872=ORIENTED_EDGE('',*,*,#1905,.F.);
#873=ORIENTED_EDGE('',*,*,#1898,.T.);
#874=ORIENTED_EDGE('',*,*,#1906,.F.);
#875=ORIENTED_EDGE('',*,*,#1907,.F.);
#876=ORIENTED_EDGE('',*,*,#1908,.F.);
#877=ORIENTED_EDGE('',*,*,#1904,.T.);
#878=ORIENTED_EDGE('',*,*,#1879,.T.);
#879=ORIENTED_EDGE('',*,*,#1909,.F.);
#880=ORIENTED_EDGE('',*,*,#1910,.F.);
#881=ORIENTED_EDGE('',*,*,#1909,.T.);
#882=ORIENTED_EDGE('',*,*,#1878,.T.);
#883=ORIENTED_EDGE('',*,*,#1911,.F.);
#884=ORIENTED_EDGE('',*,*,#1912,.F.);
#885=ORIENTED_EDGE('',*,*,#1911,.T.);
#886=ORIENTED_EDGE('',*,*,#1877,.T.);
#887=ORIENTED_EDGE('',*,*,#1811,.T.);
#888=ORIENTED_EDGE('',*,*,#1913,.F.);
#889=ORIENTED_EDGE('',*,*,#1914,.T.);
#890=ORIENTED_EDGE('',*,*,#1870,.T.);
#891=ORIENTED_EDGE('',*,*,#1796,.T.);
#892=ORIENTED_EDGE('',*,*,#1915,.F.);
#893=ORIENTED_EDGE('',*,*,#1859,.F.);
#894=ORIENTED_EDGE('',*,*,#1871,.T.);
#895=ORIENTED_EDGE('',*,*,#1914,.F.);
#896=ORIENTED_EDGE('',*,*,#1916,.F.);
#897=ORIENTED_EDGE('',*,*,#1917,.T.);
#898=ORIENTED_EDGE('',*,*,#1918,.T.);
#899=ORIENTED_EDGE('',*,*,#1919,.T.);
#900=ORIENTED_EDGE('',*,*,#1920,.F.);
#901=ORIENTED_EDGE('',*,*,#1921,.T.);
#902=ORIENTED_EDGE('',*,*,#1922,.T.);
#903=ORIENTED_EDGE('',*,*,#1923,.T.);
#904=ORIENTED_EDGE('',*,*,#1924,.F.);
#905=ORIENTED_EDGE('',*,*,#1925,.T.);
#906=ORIENTED_EDGE('',*,*,#1926,.T.);
#907=ORIENTED_EDGE('',*,*,#1927,.T.);
#908=ORIENTED_EDGE('',*,*,#1885,.F.);
#909=ORIENTED_EDGE('',*,*,#1865,.F.);
#910=ORIENTED_EDGE('',*,*,#1873,.T.);
#911=ORIENTED_EDGE('',*,*,#1928,.F.);
#912=ORIENTED_EDGE('',*,*,#1929,.F.);
#913=ORIENTED_EDGE('',*,*,#1794,.T.);
#914=ORIENTED_EDGE('',*,*,#1930,.T.);
#915=ORIENTED_EDGE('',*,*,#1835,.F.);
#916=ORIENTED_EDGE('',*,*,#1931,.F.);
#917=ORIENTED_EDGE('',*,*,#1928,.T.);
#918=ORIENTED_EDGE('',*,*,#1872,.T.);
#919=ORIENTED_EDGE('',*,*,#1861,.T.);
#920=ORIENTED_EDGE('',*,*,#1932,.T.);
#921=ORIENTED_EDGE('',*,*,#1933,.T.);
#922=ORIENTED_EDGE('',*,*,#1934,.F.);
#923=ORIENTED_EDGE('',*,*,#1851,.F.);
#924=ORIENTED_EDGE('',*,*,#1935,.T.);
#925=ORIENTED_EDGE('',*,*,#1936,.T.);
#926=ORIENTED_EDGE('',*,*,#1937,.F.);
#927=ORIENTED_EDGE('',*,*,#1890,.F.);
#928=ORIENTED_EDGE('',*,*,#1836,.T.);
#929=ORIENTED_EDGE('',*,*,#1938,.T.);
#930=ORIENTED_EDGE('',*,*,#1939,.T.);
#931=ORIENTED_EDGE('',*,*,#1935,.F.);
#932=ORIENTED_EDGE('',*,*,#1886,.T.);
#933=ORIENTED_EDGE('',*,*,#1841,.T.);
#934=ORIENTED_EDGE('',*,*,#1940,.T.);
#935=ORIENTED_EDGE('',*,*,#1941,.T.);
#936=ORIENTED_EDGE('',*,*,#1938,.F.);
#937=ORIENTED_EDGE('',*,*,#1769,.T.);
#938=ORIENTED_EDGE('',*,*,#1814,.T.);
#939=ORIENTED_EDGE('',*,*,#1867,.F.);
#940=ORIENTED_EDGE('',*,*,#1825,.T.);
#941=ORIENTED_EDGE('',*,*,#1822,.T.);
#942=ORIENTED_EDGE('',*,*,#1819,.T.);
#943=ORIENTED_EDGE('',*,*,#1772,.T.);
#944=ORIENTED_EDGE('',*,*,#1818,.T.);
#945=ORIENTED_EDGE('',*,*,#1803,.T.);
#946=ORIENTED_EDGE('',*,*,#1942,.T.);
#947=ORIENTED_EDGE('',*,*,#1943,.T.);
#948=ORIENTED_EDGE('',*,*,#1940,.F.);
#949=ORIENTED_EDGE('',*,*,#1840,.T.);
#950=ORIENTED_EDGE('',*,*,#1855,.T.);
#951=ORIENTED_EDGE('',*,*,#1894,.T.);
#952=ORIENTED_EDGE('',*,*,#1789,.T.);
#953=ORIENTED_EDGE('',*,*,#1842,.T.);
#954=ORIENTED_EDGE('',*,*,#1944,.T.);
#955=ORIENTED_EDGE('',*,*,#1945,.T.);
#956=ORIENTED_EDGE('',*,*,#1946,.F.);
#957=ORIENTED_EDGE('',*,*,#1801,.T.);
#958=ORIENTED_EDGE('',*,*,#1899,.T.);
#959=ORIENTED_EDGE('',*,*,#1905,.T.);
#960=ORIENTED_EDGE('',*,*,#1908,.T.);
#961=ORIENTED_EDGE('',*,*,#1910,.T.);
#962=ORIENTED_EDGE('',*,*,#1912,.T.);
#963=ORIENTED_EDGE('',*,*,#1810,.T.);
#964=ORIENTED_EDGE('',*,*,#1896,.T.);
#965=ORIENTED_EDGE('',*,*,#1846,.T.);
#966=ORIENTED_EDGE('',*,*,#1947,.T.);
#967=ORIENTED_EDGE('',*,*,#1948,.T.);
#968=ORIENTED_EDGE('',*,*,#1944,.F.);
#969=ORIENTED_EDGE('',*,*,#1845,.T.);
#970=ORIENTED_EDGE('',*,*,#1848,.F.);
#971=ORIENTED_EDGE('',*,*,#1934,.T.);
#972=ORIENTED_EDGE('',*,*,#1949,.T.);
#973=ORIENTED_EDGE('',*,*,#1947,.F.);
#974=ORIENTED_EDGE('',*,*,#1752,.T.);
#975=ORIENTED_EDGE('',*,*,#1950,.T.);
#976=ORIENTED_EDGE('',*,*,#1951,.T.);
#977=ORIENTED_EDGE('',*,*,#1952,.T.);
#978=ORIENTED_EDGE('',*,*,#1932,.F.);
#979=ORIENTED_EDGE('',*,*,#1850,.T.);
#980=ORIENTED_EDGE('',*,*,#1953,.T.);
#981=ORIENTED_EDGE('',*,*,#1954,.T.);
#982=ORIENTED_EDGE('',*,*,#1754,.F.);
#983=ORIENTED_EDGE('',*,*,#1888,.T.);
#984=ORIENTED_EDGE('',*,*,#1937,.T.);
#985=ORIENTED_EDGE('',*,*,#1955,.T.);
#986=ORIENTED_EDGE('',*,*,#1956,.F.);
#987=ORIENTED_EDGE('',*,*,#1762,.F.);
#988=ORIENTED_EDGE('',*,*,#1957,.F.);
#989=ORIENTED_EDGE('',*,*,#1958,.F.);
#990=ORIENTED_EDGE('',*,*,#1959,.F.);
#991=ORIENTED_EDGE('',*,*,#1758,.F.);
#992=ORIENTED_EDGE('',*,*,#1960,.T.);
#993=ORIENTED_EDGE('',*,*,#1961,.T.);
#994=ORIENTED_EDGE('',*,*,#1955,.F.);
#995=ORIENTED_EDGE('',*,*,#1936,.F.);
#996=ORIENTED_EDGE('',*,*,#1939,.F.);
#997=ORIENTED_EDGE('',*,*,#1941,.F.);
#998=ORIENTED_EDGE('',*,*,#1943,.F.);
#999=ORIENTED_EDGE('',*,*,#1962,.F.);
#1000=ORIENTED_EDGE('',*,*,#1945,.F.);
#1001=ORIENTED_EDGE('',*,*,#1948,.F.);
#1002=ORIENTED_EDGE('',*,*,#1949,.F.);
#1003=ORIENTED_EDGE('',*,*,#1933,.F.);
#1004=ORIENTED_EDGE('',*,*,#1952,.F.);
#1005=ORIENTED_EDGE('',*,*,#1963,.T.);
#1006=ORIENTED_EDGE('',*,*,#1964,.T.);
#1007=ORIENTED_EDGE('',*,*,#1748,.F.);
#1008=ORIENTED_EDGE('',*,*,#1965,.F.);
#1009=ORIENTED_EDGE('',*,*,#1966,.F.);
#1010=ORIENTED_EDGE('',*,*,#1967,.F.);
#1011=ORIENTED_EDGE('',*,*,#1744,.F.);
#1012=ORIENTED_EDGE('',*,*,#1968,.F.);
#1013=ORIENTED_EDGE('',*,*,#1969,.F.);
#1014=ORIENTED_EDGE('',*,*,#1828,.T.);
#1015=ORIENTED_EDGE('',*,*,#1831,.T.);
#1016=ORIENTED_EDGE('',*,*,#1806,.T.);
#1017=ORIENTED_EDGE('',*,*,#1833,.T.);
#1018=ORIENTED_EDGE('',*,*,#1930,.F.);
#1019=ORIENTED_EDGE('',*,*,#1793,.T.);
#1020=ORIENTED_EDGE('',*,*,#1913,.T.);
#1021=ORIENTED_EDGE('',*,*,#1795,.T.);
#1022=ORIENTED_EDGE('',*,*,#1929,.T.);
#1023=ORIENTED_EDGE('',*,*,#1931,.T.);
#1024=ORIENTED_EDGE('',*,*,#1860,.F.);
#1025=ORIENTED_EDGE('',*,*,#1915,.T.);
#1026=ORIENTED_EDGE('',*,*,#1962,.T.);
#1027=ORIENTED_EDGE('',*,*,#1942,.F.);
#1028=ORIENTED_EDGE('',*,*,#1802,.T.);
#1029=ORIENTED_EDGE('',*,*,#1946,.T.);
#1030=ORIENTED_EDGE('',*,*,#1897,.T.);
#1031=ORIENTED_EDGE('',*,*,#1799,.F.);
#1032=ORIENTED_EDGE('',*,*,#1970,.T.);
#1033=ORIENTED_EDGE('',*,*,#1906,.T.);
#1034=ORIENTED_EDGE('',*,*,#1970,.F.);
#1035=ORIENTED_EDGE('',*,*,#1798,.T.);
#1036=ORIENTED_EDGE('',*,*,#1869,.T.);
#1037=ORIENTED_EDGE('',*,*,#1907,.T.);
#1038=ORIENTED_EDGE('',*,*,#1817,.T.);
#1039=ORIENTED_EDGE('',*,*,#1776,.F.);
#1040=ORIENTED_EDGE('',*,*,#1971,.T.);
#1041=ORIENTED_EDGE('',*,*,#1805,.T.);
#1042=ORIENTED_EDGE('',*,*,#1881,.T.);
#1043=ORIENTED_EDGE('',*,*,#1790,.T.);
#1044=ORIENTED_EDGE('',*,*,#1971,.F.);
#1045=ORIENTED_EDGE('',*,*,#1775,.T.);
#1046=ORIENTED_EDGE('',*,*,#1756,.F.);
#1047=ORIENTED_EDGE('',*,*,#1972,.T.);
#1048=ORIENTED_EDGE('',*,*,#1973,.T.);
#1049=ORIENTED_EDGE('',*,*,#1974,.T.);
#1050=ORIENTED_EDGE('',*,*,#1961,.F.);
#1051=ORIENTED_EDGE('',*,*,#1975,.F.);
#1052=ORIENTED_EDGE('',*,*,#1973,.F.);
#1053=ORIENTED_EDGE('',*,*,#1976,.T.);
#1054=ORIENTED_EDGE('',*,*,#1953,.F.);
#1055=ORIENTED_EDGE('',*,*,#1960,.F.);
#1056=ORIENTED_EDGE('',*,*,#1757,.T.);
#1057=ORIENTED_EDGE('',*,*,#1974,.F.);
#1058=ORIENTED_EDGE('',*,*,#1975,.T.);
#1059=ORIENTED_EDGE('',*,*,#1977,.T.);
#1060=ORIENTED_EDGE('',*,*,#1978,.T.);
#1061=ORIENTED_EDGE('',*,*,#1750,.F.);
#1062=ORIENTED_EDGE('',*,*,#1979,.T.);
#1063=ORIENTED_EDGE('',*,*,#1977,.F.);
#1064=ORIENTED_EDGE('',*,*,#1980,.T.);
#1065=ORIENTED_EDGE('',*,*,#1963,.F.);
#1066=ORIENTED_EDGE('',*,*,#1951,.F.);
#1067=ORIENTED_EDGE('',*,*,#1981,.T.);
#1068=ORIENTED_EDGE('',*,*,#1964,.F.);
#1069=ORIENTED_EDGE('',*,*,#1980,.F.);
#1070=ORIENTED_EDGE('',*,*,#1979,.F.);
#1071=ORIENTED_EDGE('',*,*,#1749,.F.);
#1072=ORIENTED_EDGE('',*,*,#1982,.F.);
#1073=ORIENTED_EDGE('',*,*,#1983,.T.);
#1074=ORIENTED_EDGE('',*,*,#1984,.T.);
#1075=ORIENTED_EDGE('',*,*,#1985,.T.);
#1076=ORIENTED_EDGE('',*,*,#1986,.F.);
#1077=ORIENTED_EDGE('',*,*,#1902,.F.);
#1078=ORIENTED_EDGE('',*,*,#1987,.T.);
#1079=ORIENTED_EDGE('',*,*,#1988,.T.);
#1080=ORIENTED_EDGE('',*,*,#1989,.T.);
#1081=ORIENTED_EDGE('',*,*,#1900,.T.);
#1082=ORIENTED_EDGE('',*,*,#1990,.T.);
#1083=ORIENTED_EDGE('',*,*,#1991,.T.);
#1084=ORIENTED_EDGE('',*,*,#1989,.F.);
#1085=ORIENTED_EDGE('',*,*,#1992,.T.);
#1086=ORIENTED_EDGE('',*,*,#1982,.T.);
#1087=ORIENTED_EDGE('',*,*,#1901,.F.);
#1088=ORIENTED_EDGE('',*,*,#1993,.T.);
#1089=ORIENTED_EDGE('',*,*,#1994,.T.);
#1090=ORIENTED_EDGE('',*,*,#1995,.T.);
#1091=ORIENTED_EDGE('',*,*,#1996,.T.);
#1092=ORIENTED_EDGE('',*,*,#1986,.T.);
#1093=ORIENTED_EDGE('',*,*,#1997,.T.);
#1094=ORIENTED_EDGE('',*,*,#1990,.F.);
#1095=ORIENTED_EDGE('',*,*,#1903,.F.);
#1096=ORIENTED_EDGE('',*,*,#1998,.T.);
#1097=ORIENTED_EDGE('',*,*,#1891,.T.);
#1098=ORIENTED_EDGE('',*,*,#1785,.T.);
#1099=ORIENTED_EDGE('',*,*,#1999,.T.);
#1100=ORIENTED_EDGE('',*,*,#1893,.F.);
#1101=ORIENTED_EDGE('',*,*,#2000,.F.);
#1102=ORIENTED_EDGE('',*,*,#2001,.F.);
#1103=ORIENTED_EDGE('',*,*,#1783,.F.);
#1104=ORIENTED_EDGE('',*,*,#1892,.F.);
#1105=ORIENTED_EDGE('',*,*,#1998,.F.);
#1106=ORIENTED_EDGE('',*,*,#2002,.T.);
#1107=ORIENTED_EDGE('',*,*,#2000,.T.);
#1108=ORIENTED_EDGE('',*,*,#2001,.T.);
#1109=ORIENTED_EDGE('',*,*,#2002,.F.);
#1110=ORIENTED_EDGE('',*,*,#1999,.F.);
#1111=ORIENTED_EDGE('',*,*,#1784,.T.);
#1112=ORIENTED_EDGE('',*,*,#2003,.F.);
#1113=ORIENTED_EDGE('',*,*,#1987,.F.);
#1114=ORIENTED_EDGE('',*,*,#2004,.F.);
#1115=ORIENTED_EDGE('',*,*,#1995,.F.);
#1116=ORIENTED_EDGE('',*,*,#1997,.F.);
#1117=ORIENTED_EDGE('',*,*,#1985,.F.);
#1118=ORIENTED_EDGE('',*,*,#2005,.F.);
#1119=ORIENTED_EDGE('',*,*,#1996,.F.);
#1120=ORIENTED_EDGE('',*,*,#2004,.T.);
#1121=ORIENTED_EDGE('',*,*,#1991,.F.);
#1122=ORIENTED_EDGE('',*,*,#2003,.T.);
#1123=ORIENTED_EDGE('',*,*,#1994,.F.);
#1124=ORIENTED_EDGE('',*,*,#2006,.F.);
#1125=ORIENTED_EDGE('',*,*,#1983,.F.);
#1126=ORIENTED_EDGE('',*,*,#1992,.F.);
#1127=ORIENTED_EDGE('',*,*,#1988,.F.);
#1128=ORIENTED_EDGE('',*,*,#2005,.T.);
#1129=ORIENTED_EDGE('',*,*,#1984,.F.);
#1130=ORIENTED_EDGE('',*,*,#2006,.T.);
#1131=ORIENTED_EDGE('',*,*,#1993,.F.);
#1132=ORIENTED_EDGE('',*,*,#2007,.F.);
#1133=ORIENTED_EDGE('',*,*,#1858,.F.);
#1134=ORIENTED_EDGE('',*,*,#2008,.T.);
#1135=ORIENTED_EDGE('',*,*,#2009,.T.);
#1136=ORIENTED_EDGE('',*,*,#2010,.T.);
#1137=ORIENTED_EDGE('',*,*,#1771,.T.);
#1138=ORIENTED_EDGE('',*,*,#1854,.T.);
#1139=ORIENTED_EDGE('',*,*,#2007,.T.);
#1140=ORIENTED_EDGE('',*,*,#1765,.F.);
#1141=ORIENTED_EDGE('',*,*,#2011,.F.);
#1142=ORIENTED_EDGE('',*,*,#2008,.F.);
#1143=ORIENTED_EDGE('',*,*,#1857,.F.);
#1144=ORIENTED_EDGE('',*,*,#2011,.T.);
#1145=ORIENTED_EDGE('',*,*,#1764,.T.);
#1146=ORIENTED_EDGE('',*,*,#2010,.F.);
#1147=ORIENTED_EDGE('',*,*,#2009,.F.);
#1148=ORIENTED_EDGE('',*,*,#2012,.T.);
#1149=ORIENTED_EDGE('',*,*,#2013,.F.);
#1150=ORIENTED_EDGE('',*,*,#2014,.F.);
#1151=ORIENTED_EDGE('',*,*,#1780,.T.);
#1152=ORIENTED_EDGE('',*,*,#2015,.F.);
#1153=ORIENTED_EDGE('',*,*,#2016,.F.);
#1154=ORIENTED_EDGE('',*,*,#2017,.F.);
#1155=ORIENTED_EDGE('',*,*,#2018,.F.);
#1156=ORIENTED_EDGE('',*,*,#2019,.F.);
#1157=ORIENTED_EDGE('',*,*,#2020,.F.);
#1158=ORIENTED_EDGE('',*,*,#2021,.T.);
#1159=ORIENTED_EDGE('',*,*,#1778,.T.);
#1160=ORIENTED_EDGE('',*,*,#2021,.F.);
#1161=ORIENTED_EDGE('',*,*,#2022,.F.);
#1162=ORIENTED_EDGE('',*,*,#2023,.F.);
#1163=ORIENTED_EDGE('',*,*,#2024,.F.);
#1164=ORIENTED_EDGE('',*,*,#2012,.F.);
#1165=ORIENTED_EDGE('',*,*,#1779,.F.);
#1166=ORIENTED_EDGE('',*,*,#2025,.F.);
#1167=ORIENTED_EDGE('',*,*,#2026,.F.);
#1168=ORIENTED_EDGE('',*,*,#2019,.T.);
#1169=ORIENTED_EDGE('',*,*,#1781,.T.);
#1170=ORIENTED_EDGE('',*,*,#2014,.T.);
#1171=ORIENTED_EDGE('',*,*,#2027,.F.);
#1172=ORIENTED_EDGE('',*,*,#2028,.T.);
#1173=ORIENTED_EDGE('',*,*,#2015,.T.);
#1174=ORIENTED_EDGE('',*,*,#2029,.T.);
#1175=ORIENTED_EDGE('',*,*,#2023,.T.);
#1176=ORIENTED_EDGE('',*,*,#2029,.F.);
#1177=ORIENTED_EDGE('',*,*,#2018,.T.);
#1178=ORIENTED_EDGE('',*,*,#2030,.T.);
#1179=ORIENTED_EDGE('',*,*,#2027,.T.);
#1180=ORIENTED_EDGE('',*,*,#2013,.T.);
#1181=ORIENTED_EDGE('',*,*,#2024,.T.);
#1182=ORIENTED_EDGE('',*,*,#2020,.T.);
#1183=ORIENTED_EDGE('',*,*,#2026,.T.);
#1184=ORIENTED_EDGE('',*,*,#2031,.T.);
#1185=ORIENTED_EDGE('',*,*,#2016,.T.);
#1186=ORIENTED_EDGE('',*,*,#2028,.F.);
#1187=ORIENTED_EDGE('',*,*,#2022,.T.);
#1188=ORIENTED_EDGE('',*,*,#2030,.F.);
#1189=ORIENTED_EDGE('',*,*,#2017,.T.);
#1190=ORIENTED_EDGE('',*,*,#2031,.F.);
#1191=ORIENTED_EDGE('',*,*,#2025,.T.);
#1192=ORIENTED_EDGE('',*,*,#1967,.T.);
#1193=ORIENTED_EDGE('',*,*,#2032,.F.);
#1194=ORIENTED_EDGE('',*,*,#2033,.F.);
#1195=ORIENTED_EDGE('',*,*,#1745,.T.);
#1196=ORIENTED_EDGE('',*,*,#1966,.T.);
#1197=ORIENTED_EDGE('',*,*,#2034,.F.);
#1198=ORIENTED_EDGE('',*,*,#2035,.T.);
#1199=ORIENTED_EDGE('',*,*,#2032,.T.);
#1200=ORIENTED_EDGE('',*,*,#1965,.T.);
#1201=ORIENTED_EDGE('',*,*,#1747,.F.);
#1202=ORIENTED_EDGE('',*,*,#2036,.T.);
#1203=ORIENTED_EDGE('',*,*,#2034,.T.);
#1204=ORIENTED_EDGE('',*,*,#1926,.F.);
#1205=ORIENTED_EDGE('',*,*,#2037,.F.);
#1206=ORIENTED_EDGE('',*,*,#2038,.F.);
#1207=ORIENTED_EDGE('',*,*,#2039,.F.);
#1208=ORIENTED_EDGE('',*,*,#2040,.F.);
#1209=ORIENTED_EDGE('',*,*,#2041,.F.);
#1210=ORIENTED_EDGE('',*,*,#2042,.F.);
#1211=ORIENTED_EDGE('',*,*,#2043,.F.);
#1212=ORIENTED_EDGE('',*,*,#2044,.F.);
#1213=ORIENTED_EDGE('',*,*,#2045,.F.);
#1214=ORIENTED_EDGE('',*,*,#2046,.F.);
#1215=ORIENTED_EDGE('',*,*,#2047,.F.);
#1216=ORIENTED_EDGE('',*,*,#2048,.F.);
#1217=ORIENTED_EDGE('',*,*,#2049,.T.);
#1218=ORIENTED_EDGE('',*,*,#1924,.T.);
#1219=ORIENTED_EDGE('',*,*,#2050,.T.);
#1220=ORIENTED_EDGE('',*,*,#2051,.T.);
#1221=ORIENTED_EDGE('',*,*,#2052,.T.);
#1222=ORIENTED_EDGE('',*,*,#2053,.T.);
#1223=ORIENTED_EDGE('',*,*,#2054,.T.);
#1224=ORIENTED_EDGE('',*,*,#2055,.T.);
#1225=ORIENTED_EDGE('',*,*,#2056,.T.);
#1226=ORIENTED_EDGE('',*,*,#2057,.T.);
#1227=ORIENTED_EDGE('',*,*,#2058,.T.);
#1228=ORIENTED_EDGE('',*,*,#2059,.T.);
#1229=ORIENTED_EDGE('',*,*,#2060,.T.);
#1230=ORIENTED_EDGE('',*,*,#1925,.F.);
#1231=ORIENTED_EDGE('',*,*,#2049,.F.);
#1232=ORIENTED_EDGE('',*,*,#2061,.T.);
#1233=ORIENTED_EDGE('',*,*,#2037,.T.);
#1234=ORIENTED_EDGE('',*,*,#2038,.T.);
#1235=ORIENTED_EDGE('',*,*,#2061,.F.);
#1236=ORIENTED_EDGE('',*,*,#2060,.F.);
#1237=ORIENTED_EDGE('',*,*,#2062,.T.);
#1238=ORIENTED_EDGE('',*,*,#2039,.T.);
#1239=ORIENTED_EDGE('',*,*,#2062,.F.);
#1240=ORIENTED_EDGE('',*,*,#2059,.F.);
#1241=ORIENTED_EDGE('',*,*,#2063,.T.);
#1242=ORIENTED_EDGE('',*,*,#2040,.T.);
#1243=ORIENTED_EDGE('',*,*,#2063,.F.);
#1244=ORIENTED_EDGE('',*,*,#2058,.F.);
#1245=ORIENTED_EDGE('',*,*,#2064,.T.);
#1246=ORIENTED_EDGE('',*,*,#2041,.T.);
#1247=ORIENTED_EDGE('',*,*,#2064,.F.);
#1248=ORIENTED_EDGE('',*,*,#2057,.F.);
#1249=ORIENTED_EDGE('',*,*,#2065,.T.);
#1250=ORIENTED_EDGE('',*,*,#2042,.T.);
#1251=ORIENTED_EDGE('',*,*,#2065,.F.);
#1252=ORIENTED_EDGE('',*,*,#2056,.F.);
#1253=ORIENTED_EDGE('',*,*,#2066,.T.);
#1254=ORIENTED_EDGE('',*,*,#2043,.T.);
#1255=ORIENTED_EDGE('',*,*,#2066,.F.);
#1256=ORIENTED_EDGE('',*,*,#2055,.F.);
#1257=ORIENTED_EDGE('',*,*,#2067,.T.);
#1258=ORIENTED_EDGE('',*,*,#2044,.T.);
#1259=ORIENTED_EDGE('',*,*,#2067,.F.);
#1260=ORIENTED_EDGE('',*,*,#2054,.F.);
#1261=ORIENTED_EDGE('',*,*,#2068,.T.);
#1262=ORIENTED_EDGE('',*,*,#2045,.T.);
#1263=ORIENTED_EDGE('',*,*,#2068,.F.);
#1264=ORIENTED_EDGE('',*,*,#2053,.F.);
#1265=ORIENTED_EDGE('',*,*,#2069,.T.);
#1266=ORIENTED_EDGE('',*,*,#2046,.T.);
#1267=ORIENTED_EDGE('',*,*,#2069,.F.);
#1268=ORIENTED_EDGE('',*,*,#2052,.F.);
#1269=ORIENTED_EDGE('',*,*,#2070,.T.);
#1270=ORIENTED_EDGE('',*,*,#2047,.T.);
#1271=ORIENTED_EDGE('',*,*,#2070,.F.);
#1272=ORIENTED_EDGE('',*,*,#2051,.F.);
#1273=ORIENTED_EDGE('',*,*,#2071,.T.);
#1274=ORIENTED_EDGE('',*,*,#1927,.F.);
#1275=ORIENTED_EDGE('',*,*,#2048,.T.);
#1276=ORIENTED_EDGE('',*,*,#2071,.F.);
#1277=ORIENTED_EDGE('',*,*,#2050,.F.);
#1278=ORIENTED_EDGE('',*,*,#2036,.F.);
#1279=ORIENTED_EDGE('',*,*,#1746,.T.);
#1280=ORIENTED_EDGE('',*,*,#2033,.T.);
#1281=ORIENTED_EDGE('',*,*,#2035,.F.);
#1282=ORIENTED_EDGE('',*,*,#1959,.T.);
#1283=ORIENTED_EDGE('',*,*,#2072,.F.);
#1284=ORIENTED_EDGE('',*,*,#2073,.F.);
#1285=ORIENTED_EDGE('',*,*,#1759,.T.);
#1286=ORIENTED_EDGE('',*,*,#1958,.T.);
#1287=ORIENTED_EDGE('',*,*,#2074,.F.);
#1288=ORIENTED_EDGE('',*,*,#2075,.T.);
#1289=ORIENTED_EDGE('',*,*,#2072,.T.);
#1290=ORIENTED_EDGE('',*,*,#1957,.T.);
#1291=ORIENTED_EDGE('',*,*,#1761,.F.);
#1292=ORIENTED_EDGE('',*,*,#2076,.T.);
#1293=ORIENTED_EDGE('',*,*,#2074,.T.);
#1294=ORIENTED_EDGE('',*,*,#1956,.T.);
#1295=ORIENTED_EDGE('',*,*,#2077,.F.);
#1296=ORIENTED_EDGE('',*,*,#2078,.F.);
#1297=ORIENTED_EDGE('',*,*,#1763,.T.);
#1298=ORIENTED_EDGE('',*,*,#1969,.T.);
#1299=ORIENTED_EDGE('',*,*,#2079,.F.);
#1300=ORIENTED_EDGE('',*,*,#2080,.T.);
#1301=ORIENTED_EDGE('',*,*,#2077,.T.);
#1302=ORIENTED_EDGE('',*,*,#1968,.T.);
#1303=ORIENTED_EDGE('',*,*,#1743,.F.);
#1304=ORIENTED_EDGE('',*,*,#2081,.T.);
#1305=ORIENTED_EDGE('',*,*,#2079,.T.);
#1306=ORIENTED_EDGE('',*,*,#2081,.F.);
#1307=ORIENTED_EDGE('',*,*,#1742,.T.);
#1308=ORIENTED_EDGE('',*,*,#2078,.T.);
#1309=ORIENTED_EDGE('',*,*,#2080,.F.);
#1310=ORIENTED_EDGE('',*,*,#2076,.F.);
#1311=ORIENTED_EDGE('',*,*,#1760,.T.);
#1312=ORIENTED_EDGE('',*,*,#2073,.T.);
#1313=ORIENTED_EDGE('',*,*,#2075,.F.);
#1314=ORIENTED_EDGE('',*,*,#1923,.F.);
#1315=ORIENTED_EDGE('',*,*,#2082,.T.);
#1316=ORIENTED_EDGE('',*,*,#2083,.F.);
#1317=ORIENTED_EDGE('',*,*,#2084,.F.);
#1318=ORIENTED_EDGE('',*,*,#2085,.T.);
#1319=ORIENTED_EDGE('',*,*,#2086,.F.);
#1320=ORIENTED_EDGE('',*,*,#2087,.F.);
#1321=ORIENTED_EDGE('',*,*,#2083,.T.);
#1322=ORIENTED_EDGE('',*,*,#2088,.T.);
#1323=ORIENTED_EDGE('',*,*,#2089,.F.);
#1324=ORIENTED_EDGE('',*,*,#2090,.F.);
#1325=ORIENTED_EDGE('',*,*,#2086,.T.);
#1326=ORIENTED_EDGE('',*,*,#2091,.T.);
#1327=ORIENTED_EDGE('',*,*,#2092,.F.);
#1328=ORIENTED_EDGE('',*,*,#2093,.F.);
#1329=ORIENTED_EDGE('',*,*,#2089,.T.);
#1330=ORIENTED_EDGE('',*,*,#2094,.T.);
#1331=ORIENTED_EDGE('',*,*,#2095,.F.);
#1332=ORIENTED_EDGE('',*,*,#2096,.F.);
#1333=ORIENTED_EDGE('',*,*,#2092,.T.);
#1334=ORIENTED_EDGE('',*,*,#2097,.T.);
#1335=ORIENTED_EDGE('',*,*,#2098,.F.);
#1336=ORIENTED_EDGE('',*,*,#2099,.F.);
#1337=ORIENTED_EDGE('',*,*,#2095,.T.);
#1338=ORIENTED_EDGE('',*,*,#2100,.T.);
#1339=ORIENTED_EDGE('',*,*,#2101,.F.);
#1340=ORIENTED_EDGE('',*,*,#2102,.F.);
#1341=ORIENTED_EDGE('',*,*,#2098,.T.);
#1342=ORIENTED_EDGE('',*,*,#2103,.T.);
#1343=ORIENTED_EDGE('',*,*,#2104,.F.);
#1344=ORIENTED_EDGE('',*,*,#2105,.F.);
#1345=ORIENTED_EDGE('',*,*,#2101,.T.);
#1346=ORIENTED_EDGE('',*,*,#2106,.T.);
#1347=ORIENTED_EDGE('',*,*,#2107,.F.);
#1348=ORIENTED_EDGE('',*,*,#2108,.F.);
#1349=ORIENTED_EDGE('',*,*,#2104,.T.);
#1350=ORIENTED_EDGE('',*,*,#2109,.T.);
#1351=ORIENTED_EDGE('',*,*,#2110,.F.);
#1352=ORIENTED_EDGE('',*,*,#2111,.F.);
#1353=ORIENTED_EDGE('',*,*,#2107,.T.);
#1354=ORIENTED_EDGE('',*,*,#2112,.T.);
#1355=ORIENTED_EDGE('',*,*,#2113,.F.);
#1356=ORIENTED_EDGE('',*,*,#2114,.F.);
#1357=ORIENTED_EDGE('',*,*,#2110,.T.);
#1358=ORIENTED_EDGE('',*,*,#1921,.F.);
#1359=ORIENTED_EDGE('',*,*,#2115,.F.);
#1360=ORIENTED_EDGE('',*,*,#2113,.T.);
#1361=ORIENTED_EDGE('',*,*,#2116,.T.);
#1362=ORIENTED_EDGE('',*,*,#2115,.T.);
#1363=ORIENTED_EDGE('',*,*,#1920,.T.);
#1364=ORIENTED_EDGE('',*,*,#2084,.T.);
#1365=ORIENTED_EDGE('',*,*,#2087,.T.);
#1366=ORIENTED_EDGE('',*,*,#2090,.T.);
#1367=ORIENTED_EDGE('',*,*,#2093,.T.);
#1368=ORIENTED_EDGE('',*,*,#2096,.T.);
#1369=ORIENTED_EDGE('',*,*,#2099,.T.);
#1370=ORIENTED_EDGE('',*,*,#2102,.T.);
#1371=ORIENTED_EDGE('',*,*,#2105,.T.);
#1372=ORIENTED_EDGE('',*,*,#2108,.T.);
#1373=ORIENTED_EDGE('',*,*,#2111,.T.);
#1374=ORIENTED_EDGE('',*,*,#2114,.T.);
#1375=ORIENTED_EDGE('',*,*,#1922,.F.);
#1376=ORIENTED_EDGE('',*,*,#2116,.F.);
#1377=ORIENTED_EDGE('',*,*,#2112,.F.);
#1378=ORIENTED_EDGE('',*,*,#2109,.F.);
#1379=ORIENTED_EDGE('',*,*,#2106,.F.);
#1380=ORIENTED_EDGE('',*,*,#2103,.F.);
#1381=ORIENTED_EDGE('',*,*,#2100,.F.);
#1382=ORIENTED_EDGE('',*,*,#2097,.F.);
#1383=ORIENTED_EDGE('',*,*,#2094,.F.);
#1384=ORIENTED_EDGE('',*,*,#2091,.F.);
#1385=ORIENTED_EDGE('',*,*,#2088,.F.);
#1386=ORIENTED_EDGE('',*,*,#2085,.F.);
#1387=ORIENTED_EDGE('',*,*,#2082,.F.);
#1388=ORIENTED_EDGE('',*,*,#1919,.F.);
#1389=ORIENTED_EDGE('',*,*,#2117,.T.);
#1390=ORIENTED_EDGE('',*,*,#2118,.F.);
#1391=ORIENTED_EDGE('',*,*,#2119,.F.);
#1392=ORIENTED_EDGE('',*,*,#2120,.T.);
#1393=ORIENTED_EDGE('',*,*,#2121,.F.);
#1394=ORIENTED_EDGE('',*,*,#2122,.F.);
#1395=ORIENTED_EDGE('',*,*,#2118,.T.);
#1396=ORIENTED_EDGE('',*,*,#2123,.T.);
#1397=ORIENTED_EDGE('',*,*,#2124,.F.);
#1398=ORIENTED_EDGE('',*,*,#2125,.F.);
#1399=ORIENTED_EDGE('',*,*,#2121,.T.);
#1400=ORIENTED_EDGE('',*,*,#2126,.T.);
#1401=ORIENTED_EDGE('',*,*,#2127,.F.);
#1402=ORIENTED_EDGE('',*,*,#2128,.F.);
#1403=ORIENTED_EDGE('',*,*,#2124,.T.);
#1404=ORIENTED_EDGE('',*,*,#2129,.T.);
#1405=ORIENTED_EDGE('',*,*,#2130,.F.);
#1406=ORIENTED_EDGE('',*,*,#2131,.F.);
#1407=ORIENTED_EDGE('',*,*,#2127,.T.);
#1408=ORIENTED_EDGE('',*,*,#2132,.T.);
#1409=ORIENTED_EDGE('',*,*,#2133,.F.);
#1410=ORIENTED_EDGE('',*,*,#2134,.F.);
#1411=ORIENTED_EDGE('',*,*,#2130,.T.);
#1412=ORIENTED_EDGE('',*,*,#2135,.T.);
#1413=ORIENTED_EDGE('',*,*,#2136,.F.);
#1414=ORIENTED_EDGE('',*,*,#2137,.F.);
#1415=ORIENTED_EDGE('',*,*,#2133,.T.);
#1416=ORIENTED_EDGE('',*,*,#2138,.T.);
#1417=ORIENTED_EDGE('',*,*,#2139,.F.);
#1418=ORIENTED_EDGE('',*,*,#2140,.F.);
#1419=ORIENTED_EDGE('',*,*,#2136,.T.);
#1420=ORIENTED_EDGE('',*,*,#2141,.T.);
#1421=ORIENTED_EDGE('',*,*,#2142,.F.);
#1422=ORIENTED_EDGE('',*,*,#2143,.F.);
#1423=ORIENTED_EDGE('',*,*,#2139,.T.);
#1424=ORIENTED_EDGE('',*,*,#2144,.T.);
#1425=ORIENTED_EDGE('',*,*,#2145,.F.);
#1426=ORIENTED_EDGE('',*,*,#2146,.F.);
#1427=ORIENTED_EDGE('',*,*,#2142,.T.);
#1428=ORIENTED_EDGE('',*,*,#2147,.T.);
#1429=ORIENTED_EDGE('',*,*,#2148,.F.);
#1430=ORIENTED_EDGE('',*,*,#2149,.F.);
#1431=ORIENTED_EDGE('',*,*,#2145,.T.);
#1432=ORIENTED_EDGE('',*,*,#1917,.F.);
#1433=ORIENTED_EDGE('',*,*,#2150,.F.);
#1434=ORIENTED_EDGE('',*,*,#2148,.T.);
#1435=ORIENTED_EDGE('',*,*,#2151,.T.);
#1436=ORIENTED_EDGE('',*,*,#2150,.T.);
#1437=ORIENTED_EDGE('',*,*,#1916,.T.);
#1438=ORIENTED_EDGE('',*,*,#2119,.T.);
#1439=ORIENTED_EDGE('',*,*,#2122,.T.);
#1440=ORIENTED_EDGE('',*,*,#2125,.T.);
#1441=ORIENTED_EDGE('',*,*,#2128,.T.);
#1442=ORIENTED_EDGE('',*,*,#2131,.T.);
#1443=ORIENTED_EDGE('',*,*,#2134,.T.);
#1444=ORIENTED_EDGE('',*,*,#2137,.T.);
#1445=ORIENTED_EDGE('',*,*,#2140,.T.);
#1446=ORIENTED_EDGE('',*,*,#2143,.T.);
#1447=ORIENTED_EDGE('',*,*,#2146,.T.);
#1448=ORIENTED_EDGE('',*,*,#2149,.T.);
#1449=ORIENTED_EDGE('',*,*,#1918,.F.);
#1450=ORIENTED_EDGE('',*,*,#2151,.F.);
#1451=ORIENTED_EDGE('',*,*,#2147,.F.);
#1452=ORIENTED_EDGE('',*,*,#2144,.F.);
#1453=ORIENTED_EDGE('',*,*,#2141,.F.);
#1454=ORIENTED_EDGE('',*,*,#2138,.F.);
#1455=ORIENTED_EDGE('',*,*,#2135,.F.);
#1456=ORIENTED_EDGE('',*,*,#2132,.F.);
#1457=ORIENTED_EDGE('',*,*,#2129,.F.);
#1458=ORIENTED_EDGE('',*,*,#2126,.F.);
#1459=ORIENTED_EDGE('',*,*,#2123,.F.);
#1460=ORIENTED_EDGE('',*,*,#2120,.F.);
#1461=ORIENTED_EDGE('',*,*,#2117,.F.);
#1462=ORIENTED_EDGE('',*,*,#1981,.F.);
#1463=ORIENTED_EDGE('',*,*,#1950,.F.);
#1464=ORIENTED_EDGE('',*,*,#1751,.F.);
#1465=ORIENTED_EDGE('',*,*,#1978,.F.);
#1466=ORIENTED_EDGE('',*,*,#1755,.F.);
#1467=ORIENTED_EDGE('',*,*,#1954,.F.);
#1468=ORIENTED_EDGE('',*,*,#1976,.F.);
#1469=ORIENTED_EDGE('',*,*,#1972,.F.);
#1470=VERTEX_POINT('',#3822);
#1471=VERTEX_POINT('',#3823);
#1472=VERTEX_POINT('',#3825);
#1473=VERTEX_POINT('',#3827);
#1474=VERTEX_POINT('',#3829);
#1475=VERTEX_POINT('',#3831);
#1476=VERTEX_POINT('',#3833);
#1477=VERTEX_POINT('',#3835);
#1478=VERTEX_POINT('',#3837);
#1479=VERTEX_POINT('',#3839);
#1480=VERTEX_POINT('',#3841);
#1481=VERTEX_POINT('',#3843);
#1482=VERTEX_POINT('',#3845);
#1483=VERTEX_POINT('',#3847);
#1484=VERTEX_POINT('',#3849);
#1485=VERTEX_POINT('',#3851);
#1486=VERTEX_POINT('',#3853);
#1487=VERTEX_POINT('',#3855);
#1488=VERTEX_POINT('',#3857);
#1489=VERTEX_POINT('',#3859);
#1490=VERTEX_POINT('',#3861);
#1491=VERTEX_POINT('',#3863);
#1492=VERTEX_POINT('',#3867);
#1493=VERTEX_POINT('',#3868);
#1494=VERTEX_POINT('',#3870);
#1495=VERTEX_POINT('',#3872);
#1496=VERTEX_POINT('',#3874);
#1497=VERTEX_POINT('',#3876);
#1498=VERTEX_POINT('',#3878);
#1499=VERTEX_POINT('',#3880);
#1500=VERTEX_POINT('',#3884);
#1501=VERTEX_POINT('',#3885);
#1502=VERTEX_POINT('',#3887);
#1503=VERTEX_POINT('',#3889);
#1504=VERTEX_POINT('',#3891);
#1505=VERTEX_POINT('',#3893);
#1506=VERTEX_POINT('',#3896);
#1507=VERTEX_POINT('',#3897);
#1508=VERTEX_POINT('',#3899);
#1509=VERTEX_POINT('',#3901);
#1510=VERTEX_POINT('',#3905);
#1511=VERTEX_POINT('',#3906);
#1512=VERTEX_POINT('',#3908);
#1513=VERTEX_POINT('',#3910);
#1514=VERTEX_POINT('',#3912);
#1515=VERTEX_POINT('',#3914);
#1516=VERTEX_POINT('',#3916);
#1517=VERTEX_POINT('',#3918);
#1518=VERTEX_POINT('',#3922);
#1519=VERTEX_POINT('',#3923);
#1520=VERTEX_POINT('',#3925);
#1521=VERTEX_POINT('',#3927);
#1522=VERTEX_POINT('',#3929);
#1523=VERTEX_POINT('',#3931);
#1524=VERTEX_POINT('',#3933);
#1525=VERTEX_POINT('',#3935);
#1526=VERTEX_POINT('',#3937);
#1527=VERTEX_POINT('',#3939);
#1528=VERTEX_POINT('',#3941);
#1529=VERTEX_POINT('',#3943);
#1530=VERTEX_POINT('',#3945);
#1531=VERTEX_POINT('',#3947);
#1532=VERTEX_POINT('',#3949);
#1533=VERTEX_POINT('',#3951);
#1534=VERTEX_POINT('',#3955);
#1535=VERTEX_POINT('',#3956);
#1536=VERTEX_POINT('',#3958);
#1537=VERTEX_POINT('',#3960);
#1538=VERTEX_POINT('',#3964);
#1539=VERTEX_POINT('',#3965);
#1540=VERTEX_POINT('',#3967);
#1541=VERTEX_POINT('',#3969);
#1542=VERTEX_POINT('',#3973);
#1543=VERTEX_POINT('',#3975);
#1544=VERTEX_POINT('',#3982);
#1545=VERTEX_POINT('',#3984);
#1546=VERTEX_POINT('',#3988);
#1547=VERTEX_POINT('',#3990);
#1548=VERTEX_POINT('',#3994);
#1549=VERTEX_POINT('',#3996);
#1550=VERTEX_POINT('',#4000);
#1551=VERTEX_POINT('',#4002);
#1552=VERTEX_POINT('',#4009);
#1553=VERTEX_POINT('',#4011);
#1554=VERTEX_POINT('',#4015);
#1555=VERTEX_POINT('',#4016);
#1556=VERTEX_POINT('',#4018);
#1557=VERTEX_POINT('',#4020);
#1558=VERTEX_POINT('',#4022);
#1559=VERTEX_POINT('',#4024);
#1560=VERTEX_POINT('',#4028);
#1561=VERTEX_POINT('',#4030);
#1562=VERTEX_POINT('',#4032);
#1563=VERTEX_POINT('',#4034);
#1564=VERTEX_POINT('',#4038);
#1565=VERTEX_POINT('',#4039);
#1566=VERTEX_POINT('',#4044);
#1567=VERTEX_POINT('',#4047);
#1568=VERTEX_POINT('',#4051);
#1569=VERTEX_POINT('',#4055);
#1570=VERTEX_POINT('',#4059);
#1571=VERTEX_POINT('',#4060);
#1572=VERTEX_POINT('',#4062);
#1573=VERTEX_POINT('',#4064);
#1574=VERTEX_POINT('',#4068);
#1575=VERTEX_POINT('',#4069);
#1576=VERTEX_POINT('',#4071);
#1577=VERTEX_POINT('',#4073);
#1578=VERTEX_POINT('',#4080);
#1579=VERTEX_POINT('',#4082);
#1580=VERTEX_POINT('',#4085);
#1581=VERTEX_POINT('',#4089);
#1582=VERTEX_POINT('',#4092);
#1583=VERTEX_POINT('',#4094);
#1584=VERTEX_POINT('',#4096);
#1585=VERTEX_POINT('',#4101);
#1586=VERTEX_POINT('',#4103);
#1587=VERTEX_POINT('',#4108);
#1588=VERTEX_POINT('',#4112);
#1589=VERTEX_POINT('',#4118);
#1590=VERTEX_POINT('',#4120);
#1591=VERTEX_POINT('',#4123);
#1592=VERTEX_POINT('',#4129);
#1593=VERTEX_POINT('',#4131);
#1594=VERTEX_POINT('',#4135);
#1595=VERTEX_POINT('',#4136);
#1596=VERTEX_POINT('',#4138);
#1597=VERTEX_POINT('',#4140);
#1598=VERTEX_POINT('',#4143);
#1599=VERTEX_POINT('',#4146);
#1600=VERTEX_POINT('',#4150);
#1601=VERTEX_POINT('',#4154);
#1602=VERTEX_POINT('',#4160);
#1603=VERTEX_POINT('',#4166);
#1604=VERTEX_POINT('',#4167);
#1605=VERTEX_POINT('',#4169);
#1606=VERTEX_POINT('',#4171);
#1607=VERTEX_POINT('',#4174);
#1608=VERTEX_POINT('',#4175);
#1609=VERTEX_POINT('',#4177);
#1610=VERTEX_POINT('',#4179);
#1611=VERTEX_POINT('',#4182);
#1612=VERTEX_POINT('',#4183);
#1613=VERTEX_POINT('',#4185);
#1614=VERTEX_POINT('',#4187);
#1615=VERTEX_POINT('',#4190);
#1616=VERTEX_POINT('',#4197);
#1617=VERTEX_POINT('',#4199);
#1618=VERTEX_POINT('',#4203);
#1619=VERTEX_POINT('',#4205);
#1620=VERTEX_POINT('',#4209);
#1621=VERTEX_POINT('',#4213);
#1622=VERTEX_POINT('',#4217);
#1623=VERTEX_POINT('',#4221);
#1624=VERTEX_POINT('',#4223);
#1625=VERTEX_POINT('',#4227);
#1626=VERTEX_POINT('',#4233);
#1627=VERTEX_POINT('',#4235);
#1628=VERTEX_POINT('',#4239);
#1629=VERTEX_POINT('',#4240);
#1630=VERTEX_POINT('',#4245);
#1631=VERTEX_POINT('',#4247);
#1632=VERTEX_POINT('',#4249);
#1633=VERTEX_POINT('',#4252);
#1634=VERTEX_POINT('',#4256);
#1635=VERTEX_POINT('',#4259);
#1636=VERTEX_POINT('',#4261);
#1637=VERTEX_POINT('',#4264);
#1638=VERTEX_POINT('',#4277);
#1639=VERTEX_POINT('',#4279);
#1640=VERTEX_POINT('',#4287);
#1641=VERTEX_POINT('',#4288);
#1642=VERTEX_POINT('',#4297);
#1643=VERTEX_POINT('',#4299);
#1644=VERTEX_POINT('',#4301);
#1645=VERTEX_POINT('',#4303);
#1646=VERTEX_POINT('',#4307);
#1647=VERTEX_POINT('',#4308);
#1648=VERTEX_POINT('',#4310);
#1649=VERTEX_POINT('',#4313);
#1650=VERTEX_POINT('',#4319);
#1651=VERTEX_POINT('',#4320);
#1652=VERTEX_POINT('',#4322);
#1653=VERTEX_POINT('',#4324);
#1654=VERTEX_POINT('',#4330);
#1655=VERTEX_POINT('',#4334);
#1656=VERTEX_POINT('',#4349);
#1657=VERTEX_POINT('',#4351);
#1658=VERTEX_POINT('',#4360);
#1659=VERTEX_POINT('',#4362);
#1660=VERTEX_POINT('',#4366);
#1661=VERTEX_POINT('',#4367);
#1662=VERTEX_POINT('',#4369);
#1663=VERTEX_POINT('',#4371);
#1664=VERTEX_POINT('',#4375);
#1665=VERTEX_POINT('',#4377);
#1666=VERTEX_POINT('',#4381);
#1667=VERTEX_POINT('',#4383);
#1668=VERTEX_POINT('',#4387);
#1669=VERTEX_POINT('',#4388);
#1670=VERTEX_POINT('',#4401);
#1671=VERTEX_POINT('',#4405);
#1672=VERTEX_POINT('',#4411);
#1673=VERTEX_POINT('',#4413);
#1674=VERTEX_POINT('',#4415);
#1675=VERTEX_POINT('',#4417);
#1676=VERTEX_POINT('',#4419);
#1677=VERTEX_POINT('',#4421);
#1678=VERTEX_POINT('',#4423);
#1679=VERTEX_POINT('',#4425);
#1680=VERTEX_POINT('',#4427);
#1681=VERTEX_POINT('',#4429);
#1682=VERTEX_POINT('',#4431);
#1683=VERTEX_POINT('',#4435);
#1684=VERTEX_POINT('',#4437);
#1685=VERTEX_POINT('',#4439);
#1686=VERTEX_POINT('',#4441);
#1687=VERTEX_POINT('',#4443);
#1688=VERTEX_POINT('',#4445);
#1689=VERTEX_POINT('',#4447);
#1690=VERTEX_POINT('',#4449);
#1691=VERTEX_POINT('',#4451);
#1692=VERTEX_POINT('',#4453);
#1693=VERTEX_POINT('',#4455);
#1694=VERTEX_POINT('',#4483);
#1695=VERTEX_POINT('',#4487);
#1696=VERTEX_POINT('',#4493);
#1697=VERTEX_POINT('',#4497);
#1698=VERTEX_POINT('',#4505);
#1699=VERTEX_POINT('',#4507);
#1700=VERTEX_POINT('',#4511);
#1701=VERTEX_POINT('',#4513);
#1702=VERTEX_POINT('',#4517);
#1703=VERTEX_POINT('',#4519);
#1704=VERTEX_POINT('',#4523);
#1705=VERTEX_POINT('',#4525);
#1706=VERTEX_POINT('',#4529);
#1707=VERTEX_POINT('',#4531);
#1708=VERTEX_POINT('',#4535);
#1709=VERTEX_POINT('',#4537);
#1710=VERTEX_POINT('',#4541);
#1711=VERTEX_POINT('',#4543);
#1712=VERTEX_POINT('',#4547);
#1713=VERTEX_POINT('',#4549);
#1714=VERTEX_POINT('',#4553);
#1715=VERTEX_POINT('',#4555);
#1716=VERTEX_POINT('',#4559);
#1717=VERTEX_POINT('',#4561);
#1718=VERTEX_POINT('',#4565);
#1719=VERTEX_POINT('',#4567);
#1720=VERTEX_POINT('',#4576);
#1721=VERTEX_POINT('',#4578);
#1722=VERTEX_POINT('',#4582);
#1723=VERTEX_POINT('',#4584);
#1724=VERTEX_POINT('',#4588);
#1725=VERTEX_POINT('',#4590);
#1726=VERTEX_POINT('',#4594);
#1727=VERTEX_POINT('',#4596);
#1728=VERTEX_POINT('',#4600);
#1729=VERTEX_POINT('',#4602);
#1730=VERTEX_POINT('',#4606);
#1731=VERTEX_POINT('',#4608);
#1732=VERTEX_POINT('',#4612);
#1733=VERTEX_POINT('',#4614);
#1734=VERTEX_POINT('',#4618);
#1735=VERTEX_POINT('',#4620);
#1736=VERTEX_POINT('',#4624);
#1737=VERTEX_POINT('',#4626);
#1738=VERTEX_POINT('',#4630);
#1739=VERTEX_POINT('',#4632);
#1740=VERTEX_POINT('',#4636);
#1741=VERTEX_POINT('',#4638);
#1742=EDGE_CURVE('',#1470,#1471,#2152,.T.);
#1743=EDGE_CURVE('',#1470,#1472,#2153,.T.);
#1744=EDGE_CURVE('',#1472,#1473,#2154,.T.);
#1745=EDGE_CURVE('',#1474,#1473,#2155,.T.);
#1746=EDGE_CURVE('',#1475,#1474,#2156,.T.);
#1747=EDGE_CURVE('',#1475,#1476,#2157,.T.);
#1748=EDGE_CURVE('',#1476,#1477,#2158,.T.);
#1749=EDGE_CURVE('',#1477,#1478,#2159,.T.);
#1750=EDGE_CURVE('',#1478,#1479,#2160,.T.);
#1751=EDGE_CURVE('',#1479,#1480,#2161,.T.);
#1752=EDGE_CURVE('',#1481,#1480,#2162,.T.);
#1753=EDGE_CURVE('',#1482,#1481,#2163,.T.);
#1754=EDGE_CURVE('',#1482,#1483,#2164,.T.);
#1755=EDGE_CURVE('',#1483,#1484,#2165,.T.);
#1756=EDGE_CURVE('',#1484,#1485,#2166,.T.);
#1757=EDGE_CURVE('',#1486,#1485,#2167,.T.);
#1758=EDGE_CURVE('',#1486,#1487,#2168,.T.);
#1759=EDGE_CURVE('',#1488,#1487,#2169,.T.);
#1760=EDGE_CURVE('',#1489,#1488,#2170,.T.);
#1761=EDGE_CURVE('',#1489,#1490,#2171,.T.);
#1762=EDGE_CURVE('',#1490,#1491,#2172,.T.);
#1763=EDGE_CURVE('',#1471,#1491,#2173,.T.);
#1764=EDGE_CURVE('',#1492,#1493,#2174,.T.);
#1765=EDGE_CURVE('',#1492,#1494,#2175,.T.);
#1766=EDGE_CURVE('',#1495,#1494,#2176,.T.);
#1767=EDGE_CURVE('',#1496,#1495,#2177,.T.);
#1768=EDGE_CURVE('',#1496,#1497,#2178,.T.);
#1769=EDGE_CURVE('',#1498,#1497,#2179,.T.);
#1770=EDGE_CURVE('',#1499,#1498,#2180,.T.);
#1771=EDGE_CURVE('',#1493,#1499,#2181,.T.);
#1772=EDGE_CURVE('',#1500,#1501,#2182,.T.);
#1773=EDGE_CURVE('',#1502,#1500,#2183,.T.);
#1774=EDGE_CURVE('',#1503,#1502,#2184,.T.);
#1775=EDGE_CURVE('',#1504,#1503,#2185,.T.);
#1776=EDGE_CURVE('',#1504,#1505,#2186,.T.);
#1777=EDGE_CURVE('',#1505,#1501,#2187,.T.);
#1778=EDGE_CURVE('',#1506,#1507,#2188,.T.);
#1779=EDGE_CURVE('',#1506,#1508,#2189,.T.);
#1780=EDGE_CURVE('',#1509,#1508,#2190,.T.);
#1781=EDGE_CURVE('',#1507,#1509,#2191,.T.);
#1782=EDGE_CURVE('',#1510,#1511,#2192,.T.);
#1783=EDGE_CURVE('',#1511,#1512,#2193,.T.);
#1784=EDGE_CURVE('',#1513,#1512,#2194,.T.);
#1785=EDGE_CURVE('',#1514,#1513,#2195,.T.);
#1786=EDGE_CURVE('',#1514,#1515,#2196,.T.);
#1787=EDGE_CURVE('',#1515,#1516,#2197,.T.);
#1788=EDGE_CURVE('',#1516,#1517,#2198,.T.);
#1789=EDGE_CURVE('',#1510,#1517,#2199,.T.);
#1790=EDGE_CURVE('',#1518,#1519,#2200,.T.);
#1791=EDGE_CURVE('',#1518,#1520,#2201,.T.);
#1792=EDGE_CURVE('',#1521,#1520,#2202,.T.);
#1793=EDGE_CURVE('',#1522,#1521,#2203,.T.);
#1794=EDGE_CURVE('',#1523,#1522,#2204,.T.);
#1795=EDGE_CURVE('',#1524,#1523,#2205,.T.);
#1796=EDGE_CURVE('',#1525,#1524,#2206,.T.);
#1797=EDGE_CURVE('',#1526,#1525,#2207,.T.);
#1798=EDGE_CURVE('',#1527,#1526,#2208,.T.);
#1799=EDGE_CURVE('',#1527,#1528,#2209,.T.);
#1800=EDGE_CURVE('',#1528,#1529,#2210,.T.);
#1801=EDGE_CURVE('',#1530,#1529,#2211,.T.);
#1802=EDGE_CURVE('',#1531,#1530,#2212,.T.);
#1803=EDGE_CURVE('',#1532,#1531,#2213,.T.);
#1804=EDGE_CURVE('',#1532,#1533,#2214,.T.);
#1805=EDGE_CURVE('',#1519,#1533,#2215,.T.);
#1806=EDGE_CURVE('',#1534,#1535,#2216,.T.);
#1807=EDGE_CURVE('',#1534,#1536,#2217,.T.);
#1808=EDGE_CURVE('',#1536,#1537,#2218,.T.);
#1809=EDGE_CURVE('',#1535,#1537,#2219,.T.);
#1810=EDGE_CURVE('',#1538,#1539,#2220,.T.);
#1811=EDGE_CURVE('',#1540,#1538,#2221,.T.);
#1812=EDGE_CURVE('',#1541,#1540,#2222,.T.);
#1813=EDGE_CURVE('',#1541,#1539,#2223,.T.);
#1814=EDGE_CURVE('',#1497,#1542,#47,.T.);
#1815=EDGE_CURVE('',#1543,#1496,#48,.T.);
#1816=EDGE_CURVE('',#1542,#1543,#2224,.T.);
#1817=EDGE_CURVE('',#1533,#1505,#2225,.T.);
#1818=EDGE_CURVE('',#1501,#1532,#2226,.T.);
#1819=EDGE_CURVE('',#1544,#1500,#2227,.T.);
#1820=EDGE_CURVE('',#1545,#1544,#2228,.T.);
#1821=EDGE_CURVE('',#1502,#1545,#2229,.T.);
#1822=EDGE_CURVE('',#1546,#1544,#2230,.T.);
#1823=EDGE_CURVE('',#1547,#1546,#2231,.T.);
#1824=EDGE_CURVE('',#1545,#1547,#2232,.T.);
#1825=EDGE_CURVE('',#1548,#1546,#49,.T.);
#1826=EDGE_CURVE('',#1548,#1549,#2233,.T.);
#1827=EDGE_CURVE('',#1547,#1549,#50,.T.);
#1828=EDGE_CURVE('',#1521,#1550,#2234,.T.);
#1829=EDGE_CURVE('',#1551,#1520,#2235,.T.);
#1830=EDGE_CURVE('',#1551,#1550,#2236,.T.);
#1831=EDGE_CURVE('',#1550,#1534,#2237,.T.);
#1832=EDGE_CURVE('',#1536,#1551,#2238,.T.);
#1833=EDGE_CURVE('',#1535,#1552,#2239,.T.);
#1834=EDGE_CURVE('',#1553,#1537,#2240,.T.);
#1835=EDGE_CURVE('',#1553,#1552,#2241,.T.);
#1836=EDGE_CURVE('',#1554,#1555,#2242,.T.);
#1837=EDGE_CURVE('',#1554,#1556,#2243,.T.);
#1838=EDGE_CURVE('',#1556,#1557,#2244,.T.);
#1839=EDGE_CURVE('',#1558,#1557,#2245,.T.);
#1840=EDGE_CURVE('',#1559,#1558,#2246,.T.);
#1841=EDGE_CURVE('',#1555,#1559,#2247,.T.);
#1842=EDGE_CURVE('',#1517,#1560,#2248,.T.);
#1843=EDGE_CURVE('',#1561,#1516,#2249,.T.);
#1844=EDGE_CURVE('',#1561,#1562,#2250,.T.);
#1845=EDGE_CURVE('',#1563,#1562,#2251,.T.);
#1846=EDGE_CURVE('',#1560,#1563,#2252,.T.);
#1847=EDGE_CURVE('',#1564,#1565,#2253,.T.);
#1848=EDGE_CURVE('',#1564,#1562,#2254,.T.);
#1849=EDGE_CURVE('',#1561,#1565,#2255,.T.);
#1850=EDGE_CURVE('',#1566,#1481,#2256,.T.);
#1851=EDGE_CURVE('',#1566,#1564,#2257,.T.);
#1852=EDGE_CURVE('',#1565,#1567,#2258,.T.);
#1853=EDGE_CURVE('',#1481,#1567,#2259,.T.);
#1854=EDGE_CURVE('',#1499,#1568,#2260,.T.);
#1855=EDGE_CURVE('',#1558,#1498,#2261,.T.);
#1856=EDGE_CURVE('',#1495,#1557,#2262,.T.);
#1857=EDGE_CURVE('',#1494,#1569,#2263,.T.);
#1858=EDGE_CURVE('',#1569,#1568,#2264,.T.);
#1859=EDGE_CURVE('',#1570,#1571,#2265,.T.);
#1860=EDGE_CURVE('',#1571,#1572,#2266,.T.);
#1861=EDGE_CURVE('',#1573,#1572,#2267,.T.);
#1862=EDGE_CURVE('',#1570,#1573,#2268,.T.);
#1863=EDGE_CURVE('',#1574,#1575,#2269,.T.);
#1864=EDGE_CURVE('',#1576,#1574,#2270,.T.);
#1865=EDGE_CURVE('',#1576,#1577,#2271,.T.);
#1866=EDGE_CURVE('',#1577,#1575,#2272,.T.);
#1867=EDGE_CURVE('',#1548,#1542,#2273,.T.);
#1868=EDGE_CURVE('',#1543,#1549,#2274,.T.);
#1869=EDGE_CURVE('',#1526,#1578,#2275,.T.);
#1870=EDGE_CURVE('',#1579,#1525,#2276,.T.);
#1871=EDGE_CURVE('',#1570,#1579,#2277,.T.);
#1872=EDGE_CURVE('',#1580,#1573,#2278,.T.);
#1873=EDGE_CURVE('',#1576,#1580,#2279,.T.);
#1874=EDGE_CURVE('',#1567,#1574,#2280,.T.);
#1875=EDGE_CURVE('',#1581,#1515,#2281,.T.);
#1876=EDGE_CURVE('',#1541,#1581,#51,.T.);
#1877=EDGE_CURVE('',#1582,#1540,#52,.T.);
#1878=EDGE_CURVE('',#1583,#1582,#2282,.T.);
#1879=EDGE_CURVE('',#1584,#1583,#2283,.T.);
#1880=EDGE_CURVE('',#1578,#1584,#2284,.T.);
#1881=EDGE_CURVE('',#1503,#1518,#2285,.T.);
#1882=EDGE_CURVE('',#1556,#1585,#2286,.T.);
#1883=EDGE_CURVE('',#1585,#1586,#2287,.T.);
#1884=EDGE_CURVE('',#1586,#1575,#2288,.T.);
#1885=EDGE_CURVE('',#1577,#1553,#2289,.T.);
#1886=EDGE_CURVE('',#1587,#1554,#2290,.T.);
#1887=EDGE_CURVE('',#1585,#1587,#2291,.T.);
#1888=EDGE_CURVE('',#1482,#1588,#2292,.T.);
#1889=EDGE_CURVE('',#1586,#1482,#2293,.T.);
#1890=EDGE_CURVE('',#1587,#1588,#2294,.T.);
#1891=EDGE_CURVE('',#1589,#1514,#2295,.T.);
#1892=EDGE_CURVE('',#1589,#1590,#2296,.T.);
#1893=EDGE_CURVE('',#1590,#1511,#2297,.T.);
#1894=EDGE_CURVE('',#1591,#1510,#2298,.T.);
#1895=EDGE_CURVE('',#1591,#1581,#2299,.T.);
#1896=EDGE_CURVE('',#1539,#1591,#53,.T.);
#1897=EDGE_CURVE('',#1592,#1528,#2300,.T.);
#1898=EDGE_CURVE('',#1593,#1592,#2301,.T.);
#1899=EDGE_CURVE('',#1529,#1593,#2302,.T.);
#1900=EDGE_CURVE('',#1594,#1595,#2303,.T.);
#1901=EDGE_CURVE('',#1594,#1596,#2304,.T.);
#1902=EDGE_CURVE('',#1596,#1597,#2305,.T.);
#1903=EDGE_CURVE('',#1597,#1595,#2306,.T.);
#1904=EDGE_CURVE('',#1598,#1584,#2307,.T.);
#1905=EDGE_CURVE('',#1593,#1598,#2308,.T.);
#1906=EDGE_CURVE('',#1599,#1592,#2309,.T.);
#1907=EDGE_CURVE('',#1578,#1599,#2310,.T.);
#1908=EDGE_CURVE('',#1598,#1600,#2311,.T.);
#1909=EDGE_CURVE('',#1600,#1583,#2312,.T.);
#1910=EDGE_CURVE('',#1600,#1601,#2313,.T.);
#1911=EDGE_CURVE('',#1601,#1582,#2314,.T.);
#1912=EDGE_CURVE('',#1601,#1538,#54,.T.);
#1913=EDGE_CURVE('',#1602,#1524,#2315,.T.);
#1914=EDGE_CURVE('',#1602,#1579,#2316,.T.);
#1915=EDGE_CURVE('',#1571,#1602,#2317,.T.);
#1916=EDGE_CURVE('',#1603,#1604,#2318,.T.);
#1917=EDGE_CURVE('',#1603,#1605,#2319,.T.);
#1918=EDGE_CURVE('',#1605,#1606,#2320,.T.);
#1919=EDGE_CURVE('',#1606,#1604,#2321,.T.);
#1920=EDGE_CURVE('',#1607,#1608,#2322,.T.);
#1921=EDGE_CURVE('',#1607,#1609,#2323,.T.);
#1922=EDGE_CURVE('',#1609,#1610,#2324,.T.);
#1923=EDGE_CURVE('',#1610,#1608,#2325,.T.);
#1924=EDGE_CURVE('',#1611,#1612,#2326,.T.);
#1925=EDGE_CURVE('',#1611,#1613,#2327,.T.);
#1926=EDGE_CURVE('',#1613,#1614,#2328,.T.);
#1927=EDGE_CURVE('',#1614,#1612,#2329,.T.);
#1928=EDGE_CURVE('',#1615,#1580,#2330,.T.);
#1929=EDGE_CURVE('',#1523,#1615,#2331,.T.);
#1930=EDGE_CURVE('',#1522,#1552,#2332,.T.);
#1931=EDGE_CURVE('',#1615,#1572,#2333,.T.);
#1932=EDGE_CURVE('',#1566,#1616,#2334,.T.);
#1933=EDGE_CURVE('',#1616,#1617,#2335,.T.);
#1934=EDGE_CURVE('',#1564,#1617,#2336,.T.);
#1935=EDGE_CURVE('',#1587,#1618,#2337,.T.);
#1936=EDGE_CURVE('',#1618,#1619,#2338,.T.);
#1937=EDGE_CURVE('',#1588,#1619,#2339,.T.);
#1938=EDGE_CURVE('',#1555,#1620,#2340,.T.);
#1939=EDGE_CURVE('',#1620,#1618,#2341,.T.);
#1940=EDGE_CURVE('',#1559,#1621,#2342,.T.);
#1941=EDGE_CURVE('',#1621,#1620,#2343,.T.);
#1942=EDGE_CURVE('',#1531,#1622,#2344,.T.);
#1943=EDGE_CURVE('',#1622,#1621,#2345,.T.);
#1944=EDGE_CURVE('',#1560,#1623,#2346,.T.);
#1945=EDGE_CURVE('',#1623,#1624,#2347,.T.);
#1946=EDGE_CURVE('',#1530,#1624,#2348,.T.);
#1947=EDGE_CURVE('',#1563,#1625,#2349,.T.);
#1948=EDGE_CURVE('',#1625,#1623,#2350,.T.);
#1949=EDGE_CURVE('',#1617,#1625,#2351,.T.);
#1950=EDGE_CURVE('',#1480,#1626,#2352,.T.);
#1951=EDGE_CURVE('',#1626,#1627,#2353,.T.);
#1952=EDGE_CURVE('',#1627,#1616,#2354,.T.);
#1953=EDGE_CURVE('',#1628,#1629,#2355,.T.);
#1954=EDGE_CURVE('',#1629,#1483,#2356,.T.);
#1955=EDGE_CURVE('',#1619,#1628,#2357,.T.);
#1956=EDGE_CURVE('',#1491,#1630,#2358,.T.);
#1957=EDGE_CURVE('',#1631,#1490,#2359,.T.);
#1958=EDGE_CURVE('',#1632,#1631,#2360,.T.);
#1959=EDGE_CURVE('',#1487,#1632,#2361,.T.);
#1960=EDGE_CURVE('',#1486,#1633,#2362,.T.);
#1961=EDGE_CURVE('',#1633,#1628,#2363,.T.);
#1962=EDGE_CURVE('',#1624,#1622,#2364,.T.);
#1963=EDGE_CURVE('',#1627,#1634,#2365,.T.);
#1964=EDGE_CURVE('',#1634,#1477,#2366,.T.);
#1965=EDGE_CURVE('',#1635,#1476,#2367,.T.);
#1966=EDGE_CURVE('',#1636,#1635,#2368,.T.);
#1967=EDGE_CURVE('',#1473,#1636,#2369,.T.);
#1968=EDGE_CURVE('',#1637,#1472,#2370,.T.);
#1969=EDGE_CURVE('',#1630,#1637,#2371,.T.);
#1970=EDGE_CURVE('',#1527,#1599,#2372,.T.);
#1971=EDGE_CURVE('',#1504,#1519,#2373,.T.);
#1972=EDGE_CURVE('',#1484,#1638,#2374,.T.);
#1973=EDGE_CURVE('',#1638,#1639,#2375,.T.);
#1974=EDGE_CURVE('',#1639,#1485,#2376,.T.);
#1975=EDGE_CURVE('',#1639,#1633,#2377,.T.);
#1976=EDGE_CURVE('',#1638,#1629,#2378,.T.);
#1977=EDGE_CURVE('',#1640,#1641,#2379,.T.);
#1978=EDGE_CURVE('',#1641,#1479,#2380,.T.);
#1979=EDGE_CURVE('',#1478,#1640,#2381,.T.);
#1980=EDGE_CURVE('',#1640,#1634,#2382,.T.);
#1981=EDGE_CURVE('',#1626,#1641,#2383,.T.);
#1982=EDGE_CURVE('',#1642,#1596,#2384,.T.);
#1983=EDGE_CURVE('',#1642,#1643,#2385,.T.);
#1984=EDGE_CURVE('',#1643,#1644,#2386,.T.);
#1985=EDGE_CURVE('',#1644,#1645,#2387,.T.);
#1986=EDGE_CURVE('',#1597,#1645,#2388,.T.);
#1987=EDGE_CURVE('',#1646,#1647,#2389,.T.);
#1988=EDGE_CURVE('',#1647,#1648,#2390,.T.);
#1989=EDGE_CURVE('',#1648,#1594,#2391,.T.);
#1990=EDGE_CURVE('',#1595,#1649,#2392,.T.);
#1991=EDGE_CURVE('',#1649,#1646,#2393,.T.);
#1992=EDGE_CURVE('',#1648,#1642,#2394,.T.);
#1993=EDGE_CURVE('',#1650,#1651,#2395,.T.);
#1994=EDGE_CURVE('',#1651,#1652,#2396,.T.);
#1995=EDGE_CURVE('',#1652,#1653,#2397,.T.);
#1996=EDGE_CURVE('',#1653,#1650,#2398,.T.);
#1997=EDGE_CURVE('',#1645,#1649,#2399,.T.);
#1998=EDGE_CURVE('',#1654,#1589,#2400,.T.);
#1999=EDGE_CURVE('',#1513,#1654,#2401,.T.);
#2000=EDGE_CURVE('',#1655,#1590,#2402,.T.);
#2001=EDGE_CURVE('',#1512,#1655,#2403,.T.);
#2002=EDGE_CURVE('',#1654,#1655,#2404,.T.);
#2003=EDGE_CURVE('',#1647,#1652,#2405,.T.);
#2004=EDGE_CURVE('',#1653,#1646,#2406,.T.);
#2005=EDGE_CURVE('',#1650,#1644,#2407,.T.);
#2006=EDGE_CURVE('',#1643,#1651,#2408,.T.);
#2007=EDGE_CURVE('',#1568,#1656,#2409,.T.);
#2008=EDGE_CURVE('',#1569,#1657,#2410,.T.);
#2009=EDGE_CURVE('',#1657,#1656,#2411,.T.);
#2010=EDGE_CURVE('',#1656,#1493,#2412,.T.);
#2011=EDGE_CURVE('',#1657,#1492,#2413,.T.);
#2012=EDGE_CURVE('',#1508,#1658,#2414,.T.);
#2013=EDGE_CURVE('',#1659,#1658,#2415,.T.);
#2014=EDGE_CURVE('',#1509,#1659,#2416,.T.);
#2015=EDGE_CURVE('',#1660,#1661,#2417,.T.);
#2016=EDGE_CURVE('',#1662,#1660,#2418,.T.);
#2017=EDGE_CURVE('',#1663,#1662,#2419,.T.);
#2018=EDGE_CURVE('',#1661,#1663,#2420,.T.);
#2019=EDGE_CURVE('',#1664,#1507,#2421,.T.);
#2020=EDGE_CURVE('',#1665,#1664,#2422,.T.);
#2021=EDGE_CURVE('',#1665,#1506,#2423,.T.);
#2022=EDGE_CURVE('',#1666,#1665,#2424,.T.);
#2023=EDGE_CURVE('',#1667,#1666,#2425,.T.);
#2024=EDGE_CURVE('',#1658,#1667,#2426,.T.);
#2025=EDGE_CURVE('',#1668,#1669,#2427,.T.);
#2026=EDGE_CURVE('',#1664,#1668,#2428,.T.);
#2027=EDGE_CURVE('',#1669,#1659,#2429,.T.);
#2028=EDGE_CURVE('',#1666,#1660,#2430,.T.);
#2029=EDGE_CURVE('',#1661,#1667,#2431,.T.);
#2030=EDGE_CURVE('',#1663,#1669,#2432,.T.);
#2031=EDGE_CURVE('',#1668,#1662,#2433,.T.);
#2032=EDGE_CURVE('',#1670,#1636,#2434,.T.);
#2033=EDGE_CURVE('',#1474,#1670,#2435,.T.);
#2034=EDGE_CURVE('',#1671,#1635,#2436,.T.);
#2035=EDGE_CURVE('',#1671,#1670,#2437,.T.);
#2036=EDGE_CURVE('',#1475,#1671,#2438,.T.);
#2037=EDGE_CURVE('',#1672,#1613,#2439,.T.);
#2038=EDGE_CURVE('',#1673,#1672,#2440,.T.);
#2039=EDGE_CURVE('',#1674,#1673,#55,.T.);
#2040=EDGE_CURVE('',#1675,#1674,#2441,.T.);
#2041=EDGE_CURVE('',#1676,#1675,#2442,.T.);
#2042=EDGE_CURVE('',#1677,#1676,#2443,.T.);
#2043=EDGE_CURVE('',#1678,#1677,#56,.T.);
#2044=EDGE_CURVE('',#1679,#1678,#2444,.T.);
#2045=EDGE_CURVE('',#1680,#1679,#57,.T.);
#2046=EDGE_CURVE('',#1681,#1680,#2445,.T.);
#2047=EDGE_CURVE('',#1682,#1681,#2446,.T.);
#2048=EDGE_CURVE('',#1614,#1682,#2447,.T.);
#2049=EDGE_CURVE('',#1683,#1611,#2448,.T.);
#2050=EDGE_CURVE('',#1612,#1684,#2449,.T.);
#2051=EDGE_CURVE('',#1684,#1685,#2450,.T.);
#2052=EDGE_CURVE('',#1685,#1686,#2451,.T.);
#2053=EDGE_CURVE('',#1686,#1687,#58,.T.);
#2054=EDGE_CURVE('',#1687,#1688,#2452,.T.);
#2055=EDGE_CURVE('',#1688,#1689,#59,.T.);
#2056=EDGE_CURVE('',#1689,#1690,#2453,.T.);
#2057=EDGE_CURVE('',#1690,#1691,#2454,.T.);
#2058=EDGE_CURVE('',#1691,#1692,#2455,.T.);
#2059=EDGE_CURVE('',#1692,#1693,#60,.T.);
#2060=EDGE_CURVE('',#1693,#1683,#2456,.T.);
#2061=EDGE_CURVE('',#1683,#1672,#2457,.T.);
#2062=EDGE_CURVE('',#1693,#1673,#2458,.T.);
#2063=EDGE_CURVE('',#1692,#1674,#2459,.T.);
#2064=EDGE_CURVE('',#1691,#1675,#2460,.T.);
#2065=EDGE_CURVE('',#1690,#1676,#2461,.T.);
#2066=EDGE_CURVE('',#1689,#1677,#2462,.T.);
#2067=EDGE_CURVE('',#1688,#1678,#2463,.T.);
#2068=EDGE_CURVE('',#1687,#1679,#2464,.T.);
#2069=EDGE_CURVE('',#1686,#1680,#2465,.T.);
#2070=EDGE_CURVE('',#1685,#1681,#2466,.T.);
#2071=EDGE_CURVE('',#1684,#1682,#2467,.T.);
#2072=EDGE_CURVE('',#1694,#1632,#2468,.T.);
#2073=EDGE_CURVE('',#1488,#1694,#2469,.T.);
#2074=EDGE_CURVE('',#1695,#1631,#2470,.T.);
#2075=EDGE_CURVE('',#1695,#1694,#2471,.T.);
#2076=EDGE_CURVE('',#1489,#1695,#2472,.T.);
#2077=EDGE_CURVE('',#1696,#1630,#2473,.T.);
#2078=EDGE_CURVE('',#1471,#1696,#2474,.T.);
#2079=EDGE_CURVE('',#1697,#1637,#2475,.T.);
#2080=EDGE_CURVE('',#1697,#1696,#2476,.T.);
#2081=EDGE_CURVE('',#1470,#1697,#2477,.T.);
#2082=EDGE_CURVE('',#1610,#1698,#2478,.T.);
#2083=EDGE_CURVE('',#1699,#1698,#2479,.T.);
#2084=EDGE_CURVE('',#1608,#1699,#2480,.T.);
#2085=EDGE_CURVE('',#1698,#1700,#2481,.T.);
#2086=EDGE_CURVE('',#1701,#1700,#2482,.T.);
#2087=EDGE_CURVE('',#1699,#1701,#2483,.T.);
#2088=EDGE_CURVE('',#1700,#1702,#2484,.T.);
#2089=EDGE_CURVE('',#1703,#1702,#2485,.T.);
#2090=EDGE_CURVE('',#1701,#1703,#2486,.T.);
#2091=EDGE_CURVE('',#1702,#1704,#61,.T.);
#2092=EDGE_CURVE('',#1705,#1704,#2487,.T.);
#2093=EDGE_CURVE('',#1703,#1705,#62,.T.);
#2094=EDGE_CURVE('',#1704,#1706,#2488,.T.);
#2095=EDGE_CURVE('',#1707,#1706,#2489,.T.);
#2096=EDGE_CURVE('',#1705,#1707,#2490,.T.);
#2097=EDGE_CURVE('',#1706,#1708,#63,.T.);
#2098=EDGE_CURVE('',#1709,#1708,#2491,.T.);
#2099=EDGE_CURVE('',#1707,#1709,#64,.T.);
#2100=EDGE_CURVE('',#1708,#1710,#2492,.T.);
#2101=EDGE_CURVE('',#1711,#1710,#2493,.T.);
#2102=EDGE_CURVE('',#1709,#1711,#2494,.T.);
#2103=EDGE_CURVE('',#1710,#1712,#2495,.T.);
#2104=EDGE_CURVE('',#1713,#1712,#2496,.T.);
#2105=EDGE_CURVE('',#1711,#1713,#2497,.T.);
#2106=EDGE_CURVE('',#1712,#1714,#2498,.T.);
#2107=EDGE_CURVE('',#1715,#1714,#2499,.T.);
#2108=EDGE_CURVE('',#1713,#1715,#2500,.T.);
#2109=EDGE_CURVE('',#1714,#1716,#65,.T.);
#2110=EDGE_CURVE('',#1717,#1716,#2501,.T.);
#2111=EDGE_CURVE('',#1715,#1717,#66,.T.);
#2112=EDGE_CURVE('',#1716,#1718,#2502,.T.);
#2113=EDGE_CURVE('',#1719,#1718,#2503,.T.);
#2114=EDGE_CURVE('',#1717,#1719,#2504,.T.);
#2115=EDGE_CURVE('',#1719,#1607,#2505,.T.);
#2116=EDGE_CURVE('',#1718,#1609,#2506,.T.);
#2117=EDGE_CURVE('',#1606,#1720,#2507,.T.);
#2118=EDGE_CURVE('',#1721,#1720,#2508,.T.);
#2119=EDGE_CURVE('',#1604,#1721,#2509,.T.);
#2120=EDGE_CURVE('',#1720,#1722,#2510,.T.);
#2121=EDGE_CURVE('',#1723,#1722,#2511,.T.);
#2122=EDGE_CURVE('',#1721,#1723,#2512,.T.);
#2123=EDGE_CURVE('',#1722,#1724,#2513,.T.);
#2124=EDGE_CURVE('',#1725,#1724,#2514,.T.);
#2125=EDGE_CURVE('',#1723,#1725,#2515,.T.);
#2126=EDGE_CURVE('',#1724,#1726,#67,.T.);
#2127=EDGE_CURVE('',#1727,#1726,#2516,.T.);
#2128=EDGE_CURVE('',#1725,#1727,#68,.T.);
#2129=EDGE_CURVE('',#1726,#1728,#2517,.T.);
#2130=EDGE_CURVE('',#1729,#1728,#2518,.T.);
#2131=EDGE_CURVE('',#1727,#1729,#2519,.T.);
#2132=EDGE_CURVE('',#1728,#1730,#69,.T.);
#2133=EDGE_CURVE('',#1731,#1730,#2520,.T.);
#2134=EDGE_CURVE('',#1729,#1731,#70,.T.);
#2135=EDGE_CURVE('',#1730,#1732,#2521,.T.);
#2136=EDGE_CURVE('',#1733,#1732,#2522,.T.);
#2137=EDGE_CURVE('',#1731,#1733,#2523,.T.);
#2138=EDGE_CURVE('',#1732,#1734,#2524,.T.);
#2139=EDGE_CURVE('',#1735,#1734,#2525,.T.);
#2140=EDGE_CURVE('',#1733,#1735,#2526,.T.);
#2141=EDGE_CURVE('',#1734,#1736,#2527,.T.);
#2142=EDGE_CURVE('',#1737,#1736,#2528,.T.);
#2143=EDGE_CURVE('',#1735,#1737,#2529,.T.);
#2144=EDGE_CURVE('',#1736,#1738,#71,.T.);
#2145=EDGE_CURVE('',#1739,#1738,#2530,.T.);
#2146=EDGE_CURVE('',#1737,#1739,#72,.T.);
#2147=EDGE_CURVE('',#1738,#1740,#2531,.T.);
#2148=EDGE_CURVE('',#1741,#1740,#2532,.T.);
#2149=EDGE_CURVE('',#1739,#1741,#2533,.T.);
#2150=EDGE_CURVE('',#1741,#1603,#2534,.T.);
#2151=EDGE_CURVE('',#1740,#1605,#2535,.T.);
#2152=LINE('',#3821,#2536);
#2153=LINE('',#3824,#2537);
#2154=LINE('',#3826,#2538);
#2155=LINE('',#3828,#2539);
#2156=LINE('',#3830,#2540);
#2157=LINE('',#3832,#2541);
#2158=LINE('',#3834,#2542);
#2159=LINE('',#3836,#2543);
#2160=LINE('',#3838,#2544);
#2161=LINE('',#3840,#2545);
#2162=LINE('',#3842,#2546);
#2163=LINE('',#3844,#2547);
#2164=LINE('',#3846,#2548);
#2165=LINE('',#3848,#2549);
#2166=LINE('',#3850,#2550);
#2167=LINE('',#3852,#2551);
#2168=LINE('',#3854,#2552);
#2169=LINE('',#3856,#2553);
#2170=LINE('',#3858,#2554);
#2171=LINE('',#3860,#2555);
#2172=LINE('',#3862,#2556);
#2173=LINE('',#3864,#2557);
#2174=LINE('',#3866,#2558);
#2175=LINE('',#3869,#2559);
#2176=LINE('',#3871,#2560);
#2177=LINE('',#3873,#2561);
#2178=LINE('',#3875,#2562);
#2179=LINE('',#3877,#2563);
#2180=LINE('',#3879,#2564);
#2181=LINE('',#3881,#2565);
#2182=LINE('',#3883,#2566);
#2183=LINE('',#3886,#2567);
#2184=LINE('',#3888,#2568);
#2185=LINE('',#3890,#2569);
#2186=LINE('',#3892,#2570);
#2187=LINE('',#3894,#2571);
#2188=LINE('',#3895,#2572);
#2189=LINE('',#3898,#2573);
#2190=LINE('',#3900,#2574);
#2191=LINE('',#3902,#2575);
#2192=LINE('',#3904,#2576);
#2193=LINE('',#3907,#2577);
#2194=LINE('',#3909,#2578);
#2195=LINE('',#3911,#2579);
#2196=LINE('',#3913,#2580);
#2197=LINE('',#3915,#2581);
#2198=LINE('',#3917,#2582);
#2199=LINE('',#3919,#2583);
#2200=LINE('',#3921,#2584);
#2201=LINE('',#3924,#2585);
#2202=LINE('',#3926,#2586);
#2203=LINE('',#3928,#2587);
#2204=LINE('',#3930,#2588);
#2205=LINE('',#3932,#2589);
#2206=LINE('',#3934,#2590);
#2207=LINE('',#3936,#2591);
#2208=LINE('',#3938,#2592);
#2209=LINE('',#3940,#2593);
#2210=LINE('',#3942,#2594);
#2211=LINE('',#3944,#2595);
#2212=LINE('',#3946,#2596);
#2213=LINE('',#3948,#2597);
#2214=LINE('',#3950,#2598);
#2215=LINE('',#3952,#2599);
#2216=LINE('',#3954,#2600);
#2217=LINE('',#3957,#2601);
#2218=LINE('',#3959,#2602);
#2219=LINE('',#3961,#2603);
#2220=LINE('',#3963,#2604);
#2221=LINE('',#3966,#2605);
#2222=LINE('',#3968,#2606);
#2223=LINE('',#3970,#2607);
#2224=LINE('',#3976,#2608);
#2225=LINE('',#3978,#2609);
#2226=LINE('',#3979,#2610);
#2227=LINE('',#3981,#2611);
#2228=LINE('',#3983,#2612);
#2229=LINE('',#3985,#2613);
#2230=LINE('',#3987,#2614);
#2231=LINE('',#3989,#2615);
#2232=LINE('',#3991,#2616);
#2233=LINE('',#3995,#2617);
#2234=LINE('',#3999,#2618);
#2235=LINE('',#4001,#2619);
#2236=LINE('',#4003,#2620);
#2237=LINE('',#4005,#2621);
#2238=LINE('',#4006,#2622);
#2239=LINE('',#4008,#2623);
#2240=LINE('',#4010,#2624);
#2241=LINE('',#4012,#2625);
#2242=LINE('',#4014,#2626);
#2243=LINE('',#4017,#2627);
#2244=LINE('',#4019,#2628);
#2245=LINE('',#4021,#2629);
#2246=LINE('',#4023,#2630);
#2247=LINE('',#4025,#2631);
#2248=LINE('',#4027,#2632);
#2249=LINE('',#4029,#2633);
#2250=LINE('',#4031,#2634);
#2251=LINE('',#4033,#2635);
#2252=LINE('',#4035,#2636);
#2253=LINE('',#4037,#2637);
#2254=LINE('',#4040,#2638);
#2255=LINE('',#4041,#2639);
#2256=LINE('',#4043,#2640);
#2257=LINE('',#4045,#2641);
#2258=LINE('',#4046,#2642);
#2259=LINE('',#4048,#2643);
#2260=LINE('',#4050,#2644);
#2261=LINE('',#4052,#2645);
#2262=LINE('',#4053,#2646);
#2263=LINE('',#4054,#2647);
#2264=LINE('',#4056,#2648);
#2265=LINE('',#4058,#2649);
#2266=LINE('',#4061,#2650);
#2267=LINE('',#4063,#2651);
#2268=LINE('',#4065,#2652);
#2269=LINE('',#4067,#2653);
#2270=LINE('',#4070,#2654);
#2271=LINE('',#4072,#2655);
#2272=LINE('',#4074,#2656);
#2273=LINE('',#4076,#2657);
#2274=LINE('',#4077,#2658);
#2275=LINE('',#4079,#2659);
#2276=LINE('',#4081,#2660);
#2277=LINE('',#4083,#2661);
#2278=LINE('',#4084,#2662);
#2279=LINE('',#4086,#2663);
#2280=LINE('',#4087,#2664);
#2281=LINE('',#4088,#2665);
#2282=LINE('',#4093,#2666);
#2283=LINE('',#4095,#2667);
#2284=LINE('',#4097,#2668);
#2285=LINE('',#4099,#2669);
#2286=LINE('',#4100,#2670);
#2287=LINE('',#4102,#2671);
#2288=LINE('',#4104,#2672);
#2289=LINE('',#4105,#2673);
#2290=LINE('',#4107,#2674);
#2291=LINE('',#4109,#2675);
#2292=LINE('',#4111,#2676);
#2293=LINE('',#4113,#2677);
#2294=LINE('',#4114,#2678);
#2295=LINE('',#4117,#2679);
#2296=LINE('',#4119,#2680);
#2297=LINE('',#4121,#2681);
#2298=LINE('',#4122,#2682);
#2299=LINE('',#4124,#2683);
#2300=LINE('',#4128,#2684);
#2301=LINE('',#4130,#2685);
#2302=LINE('',#4132,#2686);
#2303=LINE('',#4134,#2687);
#2304=LINE('',#4137,#2688);
#2305=LINE('',#4139,#2689);
#2306=LINE('',#4141,#2690);
#2307=LINE('',#4142,#2691);
#2308=LINE('',#4144,#2692);
#2309=LINE('',#4145,#2693);
#2310=LINE('',#4147,#2694);
#2311=LINE('',#4149,#2695);
#2312=LINE('',#4151,#2696);
#2313=LINE('',#4153,#2697);
#2314=LINE('',#4155,#2698);
#2315=LINE('',#4159,#2699);
#2316=LINE('',#4161,#2700);
#2317=LINE('',#4163,#2701);
#2318=LINE('',#4165,#2702);
#2319=LINE('',#4168,#2703);
#2320=LINE('',#4170,#2704);
#2321=LINE('',#4172,#2705);
#2322=LINE('',#4173,#2706);
#2323=LINE('',#4176,#2707);
#2324=LINE('',#4178,#2708);
#2325=LINE('',#4180,#2709);
#2326=LINE('',#4181,#2710);
#2327=LINE('',#4184,#2711);
#2328=LINE('',#4186,#2712);
#2329=LINE('',#4188,#2713);
#2330=LINE('',#4189,#2714);
#2331=LINE('',#4191,#2715);
#2332=LINE('',#4192,#2716);
#2333=LINE('',#4194,#2717);
#2334=LINE('',#4196,#2718);
#2335=LINE('',#4198,#2719);
#2336=LINE('',#4200,#2720);
#2337=LINE('',#4202,#2721);
#2338=LINE('',#4204,#2722);
#2339=LINE('',#4206,#2723);
#2340=LINE('',#4208,#2724);
#2341=LINE('',#4210,#2725);
#2342=LINE('',#4212,#2726);
#2343=LINE('',#4214,#2727);
#2344=LINE('',#4216,#2728);
#2345=LINE('',#4218,#2729);
#2346=LINE('',#4220,#2730);
#2347=LINE('',#4222,#2731);
#2348=LINE('',#4224,#2732);
#2349=LINE('',#4226,#2733);
#2350=LINE('',#4228,#2734);
#2351=LINE('',#4230,#2735);
#2352=LINE('',#4232,#2736);
#2353=LINE('',#4234,#2737);
#2354=LINE('',#4236,#2738);
#2355=LINE('',#4238,#2739);
#2356=LINE('',#4241,#2740);
#2357=LINE('',#4242,#2741);
#2358=LINE('',#4244,#2742);
#2359=LINE('',#4246,#2743);
#2360=LINE('',#4248,#2744);
#2361=LINE('',#4250,#2745);
#2362=LINE('',#4251,#2746);
#2363=LINE('',#4253,#2747);
#2364=LINE('',#4254,#2748);
#2365=LINE('',#4255,#2749);
#2366=LINE('',#4257,#2750);
#2367=LINE('',#4258,#2751);
#2368=LINE('',#4260,#2752);
#2369=LINE('',#4262,#2753);
#2370=LINE('',#4263,#2754);
#2371=LINE('',#4265,#2755);
#2372=LINE('',#4270,#2756);
#2373=LINE('',#4273,#2757);
#2374=LINE('',#4276,#2758);
#2375=LINE('',#4278,#2759);
#2376=LINE('',#4280,#2760);
#2377=LINE('',#4282,#2761);
#2378=LINE('',#4283,#2762);
#2379=LINE('',#4286,#2763);
#2380=LINE('',#4289,#2764);
#2381=LINE('',#4290,#2765);
#2382=LINE('',#4292,#2766);
#2383=LINE('',#4293,#2767);
#2384=LINE('',#4296,#2768);
#2385=LINE('',#4298,#2769);
#2386=LINE('',#4300,#2770);
#2387=LINE('',#4302,#2771);
#2388=LINE('',#4304,#2772);
#2389=LINE('',#4306,#2773);
#2390=LINE('',#4309,#2774);
#2391=LINE('',#4311,#2775);
#2392=LINE('',#4312,#2776);
#2393=LINE('',#4314,#2777);
#2394=LINE('',#4316,#2778);
#2395=LINE('',#4318,#2779);
#2396=LINE('',#4321,#2780);
#2397=LINE('',#4323,#2781);
#2398=LINE('',#4325,#2782);
#2399=LINE('',#4327,#2783);
#2400=LINE('',#4329,#2784);
#2401=LINE('',#4331,#2785);
#2402=LINE('',#4333,#2786);
#2403=LINE('',#4335,#2787);
#2404=LINE('',#4337,#2788);
#2405=LINE('',#4340,#2789);
#2406=LINE('',#4341,#2790);
#2407=LINE('',#4343,#2791);
#2408=LINE('',#4345,#2792);
#2409=LINE('',#4348,#2793);
#2410=LINE('',#4350,#2794);
#2411=LINE('',#4352,#2795);
#2412=LINE('',#4354,#2796);
#2413=LINE('',#4356,#2797);
#2414=LINE('',#4359,#2798);
#2415=LINE('',#4361,#2799);
#2416=LINE('',#4363,#2800);
#2417=LINE('',#4365,#2801);
#2418=LINE('',#4368,#2802);
#2419=LINE('',#4370,#2803);
#2420=LINE('',#4372,#2804);
#2421=LINE('',#4374,#2805);
#2422=LINE('',#4376,#2806);
#2423=LINE('',#4378,#2807);
#2424=LINE('',#4380,#2808);
#2425=LINE('',#4382,#2809);
#2426=LINE('',#4384,#2810);
#2427=LINE('',#4386,#2811);
#2428=LINE('',#4389,#2812);
#2429=LINE('',#4390,#2813);
#2430=LINE('',#4392,#2814);
#2431=LINE('',#4393,#2815);
#2432=LINE('',#4395,#2816);
#2433=LINE('',#4397,#2817);
#2434=LINE('',#4400,#2818);
#2435=LINE('',#4402,#2819);
#2436=LINE('',#4404,#2820);
#2437=LINE('',#4406,#2821);
#2438=LINE('',#4408,#2822);
#2439=LINE('',#4410,#2823);
#2440=LINE('',#4412,#2824);
#2441=LINE('',#4416,#2825);
#2442=LINE('',#4418,#2826);
#2443=LINE('',#4420,#2827);
#2444=LINE('',#4424,#2828);
#2445=LINE('',#4428,#2829);
#2446=LINE('',#4430,#2830);
#2447=LINE('',#4432,#2831);
#2448=LINE('',#4434,#2832);
#2449=LINE('',#4436,#2833);
#2450=LINE('',#4438,#2834);
#2451=LINE('',#4440,#2835);
#2452=LINE('',#4444,#2836);
#2453=LINE('',#4448,#2837);
#2454=LINE('',#4450,#2838);
#2455=LINE('',#4452,#2839);
#2456=LINE('',#4456,#2840);
#2457=LINE('',#4458,#2841);
#2458=LINE('',#4460,#2842);
#2459=LINE('',#4462,#2843);
#2460=LINE('',#4464,#2844);
#2461=LINE('',#4466,#2845);
#2462=LINE('',#4468,#2846);
#2463=LINE('',#4470,#2847);
#2464=LINE('',#4472,#2848);
#2465=LINE('',#4474,#2849);
#2466=LINE('',#4476,#2850);
#2467=LINE('',#4478,#2851);
#2468=LINE('',#4482,#2852);
#2469=LINE('',#4484,#2853);
#2470=LINE('',#4486,#2854);
#2471=LINE('',#4488,#2855);
#2472=LINE('',#4490,#2856);
#2473=LINE('',#4492,#2857);
#2474=LINE('',#4494,#2858);
#2475=LINE('',#4496,#2859);
#2476=LINE('',#4498,#2860);
#2477=LINE('',#4500,#2861);
#2478=LINE('',#4504,#2862);
#2479=LINE('',#4506,#2863);
#2480=LINE('',#4508,#2864);
#2481=LINE('',#4510,#2865);
#2482=LINE('',#4512,#2866);
#2483=LINE('',#4514,#2867);
#2484=LINE('',#4516,#2868);
#2485=LINE('',#4518,#2869);
#2486=LINE('',#4520,#2870);
#2487=LINE('',#4524,#2871);
#2488=LINE('',#4528,#2872);
#2489=LINE('',#4530,#2873);
#2490=LINE('',#4532,#2874);
#2491=LINE('',#4536,#2875);
#2492=LINE('',#4540,#2876);
#2493=LINE('',#4542,#2877);
#2494=LINE('',#4544,#2878);
#2495=LINE('',#4546,#2879);
#2496=LINE('',#4548,#2880);
#2497=LINE('',#4550,#2881);
#2498=LINE('',#4552,#2882);
#2499=LINE('',#4554,#2883);
#2500=LINE('',#4556,#2884);
#2501=LINE('',#4560,#2885);
#2502=LINE('',#4564,#2886);
#2503=LINE('',#4566,#2887);
#2504=LINE('',#4568,#2888);
#2505=LINE('',#4570,#2889);
#2506=LINE('',#4571,#2890);
#2507=LINE('',#4575,#2891);
#2508=LINE('',#4577,#2892);
#2509=LINE('',#4579,#2893);
#2510=LINE('',#4581,#2894);
#2511=LINE('',#4583,#2895);
#2512=LINE('',#4585,#2896);
#2513=LINE('',#4587,#2897);
#2514=LINE('',#4589,#2898);
#2515=LINE('',#4591,#2899);
#2516=LINE('',#4595,#2900);
#2517=LINE('',#4599,#2901);
#2518=LINE('',#4601,#2902);
#2519=LINE('',#4603,#2903);
#2520=LINE('',#4607,#2904);
#2521=LINE('',#4611,#2905);
#2522=LINE('',#4613,#2906);
#2523=LINE('',#4615,#2907);
#2524=LINE('',#4617,#2908);
#2525=LINE('',#4619,#2909);
#2526=LINE('',#4621,#2910);
#2527=LINE('',#4623,#2911);
#2528=LINE('',#4625,#2912);
#2529=LINE('',#4627,#2913);
#2530=LINE('',#4631,#2914);
#2531=LINE('',#4635,#2915);
#2532=LINE('',#4637,#2916);
#2533=LINE('',#4639,#2917);
#2534=LINE('',#4641,#2918);
#2535=LINE('',#4642,#2919);
#2536=VECTOR('',#3094,1.);
#2537=VECTOR('',#3095,1.);
#2538=VECTOR('',#3096,1.);
#2539=VECTOR('',#3097,1.);
#2540=VECTOR('',#3098,1.);
#2541=VECTOR('',#3099,1.);
#2542=VECTOR('',#3100,1.);
#2543=VECTOR('',#3101,1.);
#2544=VECTOR('',#3102,1.);
#2545=VECTOR('',#3103,1.);
#2546=VECTOR('',#3104,1.);
#2547=VECTOR('',#3105,1.);
#2548=VECTOR('',#3106,1.);
#2549=VECTOR('',#3107,1.);
#2550=VECTOR('',#3108,1.);
#2551=VECTOR('',#3109,1.);
#2552=VECTOR('',#3110,1.);
#2553=VECTOR('',#3111,1.);
#2554=VECTOR('',#3112,1.);
#2555=VECTOR('',#3113,1.);
#2556=VECTOR('',#3114,1.);
#2557=VECTOR('',#3115,1.);
#2558=VECTOR('',#3118,1.);
#2559=VECTOR('',#3119,1.);
#2560=VECTOR('',#3120,1.);
#2561=VECTOR('',#3121,1.);
#2562=VECTOR('',#3122,1.);
#2563=VECTOR('',#3123,1.);
#2564=VECTOR('',#3124,1.);
#2565=VECTOR('',#3125,1.);
#2566=VECTOR('',#3128,1.);
#2567=VECTOR('',#3129,1.);
#2568=VECTOR('',#3130,1.);
#2569=VECTOR('',#3131,1.);
#2570=VECTOR('',#3132,1.);
#2571=VECTOR('',#3133,1.);
#2572=VECTOR('',#3134,1.);
#2573=VECTOR('',#3135,1.);
#2574=VECTOR('',#3136,1.);
#2575=VECTOR('',#3137,1.);
#2576=VECTOR('',#3140,1.);
#2577=VECTOR('',#3141,1.);
#2578=VECTOR('',#3142,1.);
#2579=VECTOR('',#3143,1.);
#2580=VECTOR('',#3144,1.);
#2581=VECTOR('',#3145,1.);
#2582=VECTOR('',#3146,1.);
#2583=VECTOR('',#3147,1.);
#2584=VECTOR('',#3150,1.);
#2585=VECTOR('',#3151,1.);
#2586=VECTOR('',#3152,1.);
#2587=VECTOR('',#3153,1.);
#2588=VECTOR('',#3154,1.);
#2589=VECTOR('',#3155,1.);
#2590=VECTOR('',#3156,1.);
#2591=VECTOR('',#3157,1.);
#2592=VECTOR('',#3158,1.);
#2593=VECTOR('',#3159,1.);
#2594=VECTOR('',#3160,1.);
#2595=VECTOR('',#3161,1.);
#2596=VECTOR('',#3162,1.);
#2597=VECTOR('',#3163,1.);
#2598=VECTOR('',#3164,1.);
#2599=VECTOR('',#3165,1.);
#2600=VECTOR('',#3168,1.);
#2601=VECTOR('',#3169,1.);
#2602=VECTOR('',#3170,1.);
#2603=VECTOR('',#3171,1.);
#2604=VECTOR('',#3174,1.);
#2605=VECTOR('',#3175,1.);
#2606=VECTOR('',#3176,1.);
#2607=VECTOR('',#3177,1.);
#2608=VECTOR('',#3184,1.);
#2609=VECTOR('',#3187,1.);
#2610=VECTOR('',#3188,1.);
#2611=VECTOR('',#3191,1.);
#2612=VECTOR('',#3192,1.);
#2613=VECTOR('',#3193,1.);
#2614=VECTOR('',#3196,1.);
#2615=VECTOR('',#3197,1.);
#2616=VECTOR('',#3198,1.);
#2617=VECTOR('',#3203,1.);
#2618=VECTOR('',#3208,1.);
#2619=VECTOR('',#3209,1.);
#2620=VECTOR('',#3210,1.);
#2621=VECTOR('',#3213,1.);
#2622=VECTOR('',#3214,1.);
#2623=VECTOR('',#3217,1.);
#2624=VECTOR('',#3218,1.);
#2625=VECTOR('',#3219,1.);
#2626=VECTOR('',#3222,1.);
#2627=VECTOR('',#3223,1.);
#2628=VECTOR('',#3224,1.);
#2629=VECTOR('',#3225,1.);
#2630=VECTOR('',#3226,1.);
#2631=VECTOR('',#3227,1.);
#2632=VECTOR('',#3230,1.);
#2633=VECTOR('',#3231,1.);
#2634=VECTOR('',#3232,1.);
#2635=VECTOR('',#3233,1.);
#2636=VECTOR('',#3234,1.);
#2637=VECTOR('',#3237,1.);
#2638=VECTOR('',#3238,1.);
#2639=VECTOR('',#3239,1.);
#2640=VECTOR('',#3242,1.);
#2641=VECTOR('',#3243,1.);
#2642=VECTOR('',#3244,1.);
#2643=VECTOR('',#3245,1.);
#2644=VECTOR('',#3248,1.);
#2645=VECTOR('',#3249,1.);
#2646=VECTOR('',#3250,1.);
#2647=VECTOR('',#3251,1.);
#2648=VECTOR('',#3252,1.);
#2649=VECTOR('',#3255,1.);
#2650=VECTOR('',#3256,1.);
#2651=VECTOR('',#3257,1.);
#2652=VECTOR('',#3258,1.);
#2653=VECTOR('',#3261,1.);
#2654=VECTOR('',#3262,1.);
#2655=VECTOR('',#3263,1.);
#2656=VECTOR('',#3264,1.);
#2657=VECTOR('',#3267,1.);
#2658=VECTOR('',#3268,1.);
#2659=VECTOR('',#3271,1.);
#2660=VECTOR('',#3272,1.);
#2661=VECTOR('',#3273,1.);
#2662=VECTOR('',#3274,1.);
#2663=VECTOR('',#3275,1.);
#2664=VECTOR('',#3276,1.);
#2665=VECTOR('',#3277,1.);
#2666=VECTOR('',#3282,1.);
#2667=VECTOR('',#3283,1.);
#2668=VECTOR('',#3284,1.);
#2669=VECTOR('',#3287,1.);
#2670=VECTOR('',#3288,1.);
#2671=VECTOR('',#3289,1.);
#2672=VECTOR('',#3290,1.);
#2673=VECTOR('',#3291,1.);
#2674=VECTOR('',#3294,1.);
#2675=VECTOR('',#3295,1.);
#2676=VECTOR('',#3298,1.);
#2677=VECTOR('',#3299,1.);
#2678=VECTOR('',#3300,1.);
#2679=VECTOR('',#3305,1.);
#2680=VECTOR('',#3306,1.);
#2681=VECTOR('',#3307,1.);
#2682=VECTOR('',#3308,1.);
#2683=VECTOR('',#3309,1.);
#2684=VECTOR('',#3316,1.);
#2685=VECTOR('',#3317,1.);
#2686=VECTOR('',#3318,1.);
#2687=VECTOR('',#3321,1.);
#2688=VECTOR('',#3322,1.);
#2689=VECTOR('',#3323,1.);
#2690=VECTOR('',#3324,1.);
#2691=VECTOR('',#3325,1.);
#2692=VECTOR('',#3326,1.);
#2693=VECTOR('',#3327,1.);
#2694=VECTOR('',#3328,1.);
#2695=VECTOR('',#3331,1.);
#2696=VECTOR('',#3332,1.);
#2697=VECTOR('',#3335,1.);
#2698=VECTOR('',#3336,1.);
#2699=VECTOR('',#3343,1.);
#2700=VECTOR('',#3344,1.);
#2701=VECTOR('',#3347,1.);
#2702=VECTOR('',#3350,1.);
#2703=VECTOR('',#3351,1.);
#2704=VECTOR('',#3352,1.);
#2705=VECTOR('',#3353,1.);
#2706=VECTOR('',#3354,1.);
#2707=VECTOR('',#3355,1.);
#2708=VECTOR('',#3356,1.);
#2709=VECTOR('',#3357,1.);
#2710=VECTOR('',#3358,1.);
#2711=VECTOR('',#3359,1.);
#2712=VECTOR('',#3360,1.);
#2713=VECTOR('',#3361,1.);
#2714=VECTOR('',#3362,1.);
#2715=VECTOR('',#3363,1.);
#2716=VECTOR('',#3364,1.);
#2717=VECTOR('',#3367,1.);
#2718=VECTOR('',#3370,1.);
#2719=VECTOR('',#3371,1.);
#2720=VECTOR('',#3372,1.);
#2721=VECTOR('',#3375,1.);
#2722=VECTOR('',#3376,1.);
#2723=VECTOR('',#3377,1.);
#2724=VECTOR('',#3380,1.);
#2725=VECTOR('',#3381,1.);
#2726=VECTOR('',#3384,1.);
#2727=VECTOR('',#3385,1.);
#2728=VECTOR('',#3388,1.);
#2729=VECTOR('',#3389,1.);
#2730=VECTOR('',#3392,1.);
#2731=VECTOR('',#3393,1.);
#2732=VECTOR('',#3394,1.);
#2733=VECTOR('',#3397,1.);
#2734=VECTOR('',#3398,1.);
#2735=VECTOR('',#3401,1.);
#2736=VECTOR('',#3404,1.);
#2737=VECTOR('',#3405,1.);
#2738=VECTOR('',#3406,1.);
#2739=VECTOR('',#3409,1.);
#2740=VECTOR('',#3410,1.);
#2741=VECTOR('',#3411,1.);
#2742=VECTOR('',#3414,1.);
#2743=VECTOR('',#3415,1.);
#2744=VECTOR('',#3416,1.);
#2745=VECTOR('',#3417,1.);
#2746=VECTOR('',#3418,1.);
#2747=VECTOR('',#3419,1.);
#2748=VECTOR('',#3420,1.);
#2749=VECTOR('',#3421,1.);
#2750=VECTOR('',#3422,1.);
#2751=VECTOR('',#3423,1.);
#2752=VECTOR('',#3424,1.);
#2753=VECTOR('',#3425,1.);
#2754=VECTOR('',#3426,1.);
#2755=VECTOR('',#3427,1.);
#2756=VECTOR('',#3436,1.);
#2757=VECTOR('',#3441,1.);
#2758=VECTOR('',#3446,1.);
#2759=VECTOR('',#3447,1.);
#2760=VECTOR('',#3448,1.);
#2761=VECTOR('',#3451,1.);
#2762=VECTOR('',#3452,1.);
#2763=VECTOR('',#3457,1.);
#2764=VECTOR('',#3458,1.);
#2765=VECTOR('',#3459,1.);
#2766=VECTOR('',#3462,1.);
#2767=VECTOR('',#3463,1.);
#2768=VECTOR('',#3468,1.);
#2769=VECTOR('',#3469,1.);
#2770=VECTOR('',#3470,1.);
#2771=VECTOR('',#3471,1.);
#2772=VECTOR('',#3472,1.);
#2773=VECTOR('',#3475,1.);
#2774=VECTOR('',#3476,1.);
#2775=VECTOR('',#3477,1.);
#2776=VECTOR('',#3478,1.);
#2777=VECTOR('',#3479,1.);
#2778=VECTOR('',#3482,1.);
#2779=VECTOR('',#3485,1.);
#2780=VECTOR('',#3486,1.);
#2781=VECTOR('',#3487,1.);
#2782=VECTOR('',#3488,1.);
#2783=VECTOR('',#3491,1.);
#2784=VECTOR('',#3494,1.);
#2785=VECTOR('',#3495,1.);
#2786=VECTOR('',#3498,1.);
#2787=VECTOR('',#3499,1.);
#2788=VECTOR('',#3502,1.);
#2789=VECTOR('',#3507,1.);
#2790=VECTOR('',#3508,1.);
#2791=VECTOR('',#3511,1.);
#2792=VECTOR('',#3514,1.);
#2793=VECTOR('',#3519,1.);
#2794=VECTOR('',#3520,1.);
#2795=VECTOR('',#3521,1.);
#2796=VECTOR('',#3524,1.);
#2797=VECTOR('',#3527,1.);
#2798=VECTOR('',#3532,1.);
#2799=VECTOR('',#3533,1.);
#2800=VECTOR('',#3534,1.);
#2801=VECTOR('',#3537,1.);
#2802=VECTOR('',#3538,1.);
#2803=VECTOR('',#3539,1.);
#2804=VECTOR('',#3540,1.);
#2805=VECTOR('',#3543,1.);
#2806=VECTOR('',#3544,1.);
#2807=VECTOR('',#3545,1.);
#2808=VECTOR('',#3548,1.);
#2809=VECTOR('',#3549,1.);
#2810=VECTOR('',#3550,1.);
#2811=VECTOR('',#3553,1.);
#2812=VECTOR('',#3554,1.);
#2813=VECTOR('',#3555,1.);
#2814=VECTOR('',#3558,1.);
#2815=VECTOR('',#3559,1.);
#2816=VECTOR('',#3562,1.);
#2817=VECTOR('',#3565,1.);
#2818=VECTOR('',#3570,1.);
#2819=VECTOR('',#3571,1.);
#2820=VECTOR('',#3574,1.);
#2821=VECTOR('',#3575,1.);
#2822=VECTOR('',#3578,1.);
#2823=VECTOR('',#3581,1.);
#2824=VECTOR('',#3582,1.);
#2825=VECTOR('',#3585,1.);
#2826=VECTOR('',#3586,1.);
#2827=VECTOR('',#3587,1.);
#2828=VECTOR('',#3590,1.);
#2829=VECTOR('',#3593,1.);
#2830=VECTOR('',#3594,1.);
#2831=VECTOR('',#3595,1.);
#2832=VECTOR('',#3598,1.);
#2833=VECTOR('',#3599,1.);
#2834=VECTOR('',#3600,1.);
#2835=VECTOR('',#3601,1.);
#2836=VECTOR('',#3604,1.);
#2837=VECTOR('',#3607,1.);
#2838=VECTOR('',#3608,1.);
#2839=VECTOR('',#3609,1.);
#2840=VECTOR('',#3612,1.);
#2841=VECTOR('',#3615,1.);
#2842=VECTOR('',#3618,1.);
#2843=VECTOR('',#3621,1.);
#2844=VECTOR('',#3624,1.);
#2845=VECTOR('',#3627,1.);
#2846=VECTOR('',#3630,1.);
#2847=VECTOR('',#3633,1.);
#2848=VECTOR('',#3636,1.);
#2849=VECTOR('',#3639,1.);
#2850=VECTOR('',#3642,1.);
#2851=VECTOR('',#3645,1.);
#2852=VECTOR('',#3652,1.);
#2853=VECTOR('',#3653,1.);
#2854=VECTOR('',#3656,1.);
#2855=VECTOR('',#3657,1.);
#2856=VECTOR('',#3660,1.);
#2857=VECTOR('',#3663,1.);
#2858=VECTOR('',#3664,1.);
#2859=VECTOR('',#3667,1.);
#2860=VECTOR('',#3668,1.);
#2861=VECTOR('',#3671,1.);
#2862=VECTOR('',#3678,1.);
#2863=VECTOR('',#3679,1.);
#2864=VECTOR('',#3680,1.);
#2865=VECTOR('',#3683,1.);
#2866=VECTOR('',#3684,1.);
#2867=VECTOR('',#3685,1.);
#2868=VECTOR('',#3688,1.);
#2869=VECTOR('',#3689,1.);
#2870=VECTOR('',#3690,1.);
#2871=VECTOR('',#3695,1.);
#2872=VECTOR('',#3700,1.);
#2873=VECTOR('',#3701,1.);
#2874=VECTOR('',#3702,1.);
#2875=VECTOR('',#3707,1.);
#2876=VECTOR('',#3712,1.);
#2877=VECTOR('',#3713,1.);
#2878=VECTOR('',#3714,1.);
#2879=VECTOR('',#3717,1.);
#2880=VECTOR('',#3718,1.);
#2881=VECTOR('',#3719,1.);
#2882=VECTOR('',#3722,1.);
#2883=VECTOR('',#3723,1.);
#2884=VECTOR('',#3724,1.);
#2885=VECTOR('',#3729,1.);
#2886=VECTOR('',#3734,1.);
#2887=VECTOR('',#3735,1.);
#2888=VECTOR('',#3736,1.);
#2889=VECTOR('',#3739,1.);
#2890=VECTOR('',#3740,1.);
#2891=VECTOR('',#3747,1.);
#2892=VECTOR('',#3748,1.);
#2893=VECTOR('',#3749,1.);
#2894=VECTOR('',#3752,1.);
#2895=VECTOR('',#3753,1.);
#2896=VECTOR('',#3754,1.);
#2897=VECTOR('',#3757,1.);
#2898=VECTOR('',#3758,1.);
#2899=VECTOR('',#3759,1.);
#2900=VECTOR('',#3764,1.);
#2901=VECTOR('',#3769,1.);
#2902=VECTOR('',#3770,1.);
#2903=VECTOR('',#3771,1.);
#2904=VECTOR('',#3776,1.);
#2905=VECTOR('',#3781,1.);
#2906=VECTOR('',#3782,1.);
#2907=VECTOR('',#3783,1.);
#2908=VECTOR('',#3786,1.);
#2909=VECTOR('',#3787,1.);
#2910=VECTOR('',#3788,1.);
#2911=VECTOR('',#3791,1.);
#2912=VECTOR('',#3792,1.);
#2913=VECTOR('',#3793,1.);
#2914=VECTOR('',#3798,1.);
#2915=VECTOR('',#3803,1.);
#2916=VECTOR('',#3804,1.);
#2917=VECTOR('',#3805,1.);
#2918=VECTOR('',#3808,1.);
#2919=VECTOR('',#3809,1.);
#2920=AXIS2_PLACEMENT_3D('',#3820,#3092,#3093);
#2921=AXIS2_PLACEMENT_3D('',#3865,#3116,#3117);
#2922=AXIS2_PLACEMENT_3D('',#3882,#3126,#3127);
#2923=AXIS2_PLACEMENT_3D('',#3903,#3138,#3139);
#2924=AXIS2_PLACEMENT_3D('',#3920,#3148,#3149);
#2925=AXIS2_PLACEMENT_3D('',#3953,#3166,#3167);
#2926=AXIS2_PLACEMENT_3D('',#3962,#3172,#3173);
#2927=AXIS2_PLACEMENT_3D('',#3971,#3178,#3179);
#2928=AXIS2_PLACEMENT_3D('',#3972,#3180,#3181);
#2929=AXIS2_PLACEMENT_3D('',#3974,#3182,#3183);
#2930=AXIS2_PLACEMENT_3D('',#3977,#3185,#3186);
#2931=AXIS2_PLACEMENT_3D('',#3980,#3189,#3190);
#2932=AXIS2_PLACEMENT_3D('',#3986,#3194,#3195);
#2933=AXIS2_PLACEMENT_3D('',#3992,#3199,#3200);
#2934=AXIS2_PLACEMENT_3D('',#3993,#3201,#3202);
#2935=AXIS2_PLACEMENT_3D('',#3997,#3204,#3205);
#2936=AXIS2_PLACEMENT_3D('',#3998,#3206,#3207);
#2937=AXIS2_PLACEMENT_3D('',#4004,#3211,#3212);
#2938=AXIS2_PLACEMENT_3D('',#4007,#3215,#3216);
#2939=AXIS2_PLACEMENT_3D('',#4013,#3220,#3221);
#2940=AXIS2_PLACEMENT_3D('',#4026,#3228,#3229);
#2941=AXIS2_PLACEMENT_3D('',#4036,#3235,#3236);
#2942=AXIS2_PLACEMENT_3D('',#4042,#3240,#3241);
#2943=AXIS2_PLACEMENT_3D('',#4049,#3246,#3247);
#2944=AXIS2_PLACEMENT_3D('',#4057,#3253,#3254);
#2945=AXIS2_PLACEMENT_3D('',#4066,#3259,#3260);
#2946=AXIS2_PLACEMENT_3D('',#4075,#3265,#3266);
#2947=AXIS2_PLACEMENT_3D('',#4078,#3269,#3270);
#2948=AXIS2_PLACEMENT_3D('',#4090,#3278,#3279);
#2949=AXIS2_PLACEMENT_3D('',#4091,#3280,#3281);
#2950=AXIS2_PLACEMENT_3D('',#4098,#3285,#3286);
#2951=AXIS2_PLACEMENT_3D('',#4106,#3292,#3293);
#2952=AXIS2_PLACEMENT_3D('',#4110,#3296,#3297);
#2953=AXIS2_PLACEMENT_3D('',#4115,#3301,#3302);
#2954=AXIS2_PLACEMENT_3D('',#4116,#3303,#3304);
#2955=AXIS2_PLACEMENT_3D('',#4125,#3310,#3311);
#2956=AXIS2_PLACEMENT_3D('',#4126,#3312,#3313);
#2957=AXIS2_PLACEMENT_3D('',#4127,#3314,#3315);
#2958=AXIS2_PLACEMENT_3D('',#4133,#3319,#3320);
#2959=AXIS2_PLACEMENT_3D('',#4148,#3329,#3330);
#2960=AXIS2_PLACEMENT_3D('',#4152,#3333,#3334);
#2961=AXIS2_PLACEMENT_3D('',#4156,#3337,#3338);
#2962=AXIS2_PLACEMENT_3D('',#4157,#3339,#3340);
#2963=AXIS2_PLACEMENT_3D('',#4158,#3341,#3342);
#2964=AXIS2_PLACEMENT_3D('',#4162,#3345,#3346);
#2965=AXIS2_PLACEMENT_3D('',#4164,#3348,#3349);
#2966=AXIS2_PLACEMENT_3D('',#4193,#3365,#3366);
#2967=AXIS2_PLACEMENT_3D('',#4195,#3368,#3369);
#2968=AXIS2_PLACEMENT_3D('',#4201,#3373,#3374);
#2969=AXIS2_PLACEMENT_3D('',#4207,#3378,#3379);
#2970=AXIS2_PLACEMENT_3D('',#4211,#3382,#3383);
#2971=AXIS2_PLACEMENT_3D('',#4215,#3386,#3387);
#2972=AXIS2_PLACEMENT_3D('',#4219,#3390,#3391);
#2973=AXIS2_PLACEMENT_3D('',#4225,#3395,#3396);
#2974=AXIS2_PLACEMENT_3D('',#4229,#3399,#3400);
#2975=AXIS2_PLACEMENT_3D('',#4231,#3402,#3403);
#2976=AXIS2_PLACEMENT_3D('',#4237,#3407,#3408);
#2977=AXIS2_PLACEMENT_3D('',#4243,#3412,#3413);
#2978=AXIS2_PLACEMENT_3D('',#4266,#3428,#3429);
#2979=AXIS2_PLACEMENT_3D('',#4267,#3430,#3431);
#2980=AXIS2_PLACEMENT_3D('',#4268,#3432,#3433);
#2981=AXIS2_PLACEMENT_3D('',#4269,#3434,#3435);
#2982=AXIS2_PLACEMENT_3D('',#4271,#3437,#3438);
#2983=AXIS2_PLACEMENT_3D('',#4272,#3439,#3440);
#2984=AXIS2_PLACEMENT_3D('',#4274,#3442,#3443);
#2985=AXIS2_PLACEMENT_3D('',#4275,#3444,#3445);
#2986=AXIS2_PLACEMENT_3D('',#4281,#3449,#3450);
#2987=AXIS2_PLACEMENT_3D('',#4284,#3453,#3454);
#2988=AXIS2_PLACEMENT_3D('',#4285,#3455,#3456);
#2989=AXIS2_PLACEMENT_3D('',#4291,#3460,#3461);
#2990=AXIS2_PLACEMENT_3D('',#4294,#3464,#3465);
#2991=AXIS2_PLACEMENT_3D('',#4295,#3466,#3467);
#2992=AXIS2_PLACEMENT_3D('',#4305,#3473,#3474);
#2993=AXIS2_PLACEMENT_3D('',#4315,#3480,#3481);
#2994=AXIS2_PLACEMENT_3D('',#4317,#3483,#3484);
#2995=AXIS2_PLACEMENT_3D('',#4326,#3489,#3490);
#2996=AXIS2_PLACEMENT_3D('',#4328,#3492,#3493);
#2997=AXIS2_PLACEMENT_3D('',#4332,#3496,#3497);
#2998=AXIS2_PLACEMENT_3D('',#4336,#3500,#3501);
#2999=AXIS2_PLACEMENT_3D('',#4338,#3503,#3504);
#3000=AXIS2_PLACEMENT_3D('',#4339,#3505,#3506);
#3001=AXIS2_PLACEMENT_3D('',#4342,#3509,#3510);
#3002=AXIS2_PLACEMENT_3D('',#4344,#3512,#3513);
#3003=AXIS2_PLACEMENT_3D('',#4346,#3515,#3516);
#3004=AXIS2_PLACEMENT_3D('',#4347,#3517,#3518);
#3005=AXIS2_PLACEMENT_3D('',#4353,#3522,#3523);
#3006=AXIS2_PLACEMENT_3D('',#4355,#3525,#3526);
#3007=AXIS2_PLACEMENT_3D('',#4357,#3528,#3529);
#3008=AXIS2_PLACEMENT_3D('',#4358,#3530,#3531);
#3009=AXIS2_PLACEMENT_3D('',#4364,#3535,#3536);
#3010=AXIS2_PLACEMENT_3D('',#4373,#3541,#3542);
#3011=AXIS2_PLACEMENT_3D('',#4379,#3546,#3547);
#3012=AXIS2_PLACEMENT_3D('',#4385,#3551,#3552);
#3013=AXIS2_PLACEMENT_3D('',#4391,#3556,#3557);
#3014=AXIS2_PLACEMENT_3D('',#4394,#3560,#3561);
#3015=AXIS2_PLACEMENT_3D('',#4396,#3563,#3564);
#3016=AXIS2_PLACEMENT_3D('',#4398,#3566,#3567);
#3017=AXIS2_PLACEMENT_3D('',#4399,#3568,#3569);
#3018=AXIS2_PLACEMENT_3D('',#4403,#3572,#3573);
#3019=AXIS2_PLACEMENT_3D('',#4407,#3576,#3577);
#3020=AXIS2_PLACEMENT_3D('',#4409,#3579,#3580);
#3021=AXIS2_PLACEMENT_3D('',#4414,#3583,#3584);
#3022=AXIS2_PLACEMENT_3D('',#4422,#3588,#3589);
#3023=AXIS2_PLACEMENT_3D('',#4426,#3591,#3592);
#3024=AXIS2_PLACEMENT_3D('',#4433,#3596,#3597);
#3025=AXIS2_PLACEMENT_3D('',#4442,#3602,#3603);
#3026=AXIS2_PLACEMENT_3D('',#4446,#3605,#3606);
#3027=AXIS2_PLACEMENT_3D('',#4454,#3610,#3611);
#3028=AXIS2_PLACEMENT_3D('',#4457,#3613,#3614);
#3029=AXIS2_PLACEMENT_3D('',#4459,#3616,#3617);
#3030=AXIS2_PLACEMENT_3D('',#4461,#3619,#3620);
#3031=AXIS2_PLACEMENT_3D('',#4463,#3622,#3623);
#3032=AXIS2_PLACEMENT_3D('',#4465,#3625,#3626);
#3033=AXIS2_PLACEMENT_3D('',#4467,#3628,#3629);
#3034=AXIS2_PLACEMENT_3D('',#4469,#3631,#3632);
#3035=AXIS2_PLACEMENT_3D('',#4471,#3634,#3635);
#3036=AXIS2_PLACEMENT_3D('',#4473,#3637,#3638);
#3037=AXIS2_PLACEMENT_3D('',#4475,#3640,#3641);
#3038=AXIS2_PLACEMENT_3D('',#4477,#3643,#3644);
#3039=AXIS2_PLACEMENT_3D('',#4479,#3646,#3647);
#3040=AXIS2_PLACEMENT_3D('',#4480,#3648,#3649);
#3041=AXIS2_PLACEMENT_3D('',#4481,#3650,#3651);
#3042=AXIS2_PLACEMENT_3D('',#4485,#3654,#3655);
#3043=AXIS2_PLACEMENT_3D('',#4489,#3658,#3659);
#3044=AXIS2_PLACEMENT_3D('',#4491,#3661,#3662);
#3045=AXIS2_PLACEMENT_3D('',#4495,#3665,#3666);
#3046=AXIS2_PLACEMENT_3D('',#4499,#3669,#3670);
#3047=AXIS2_PLACEMENT_3D('',#4501,#3672,#3673);
#3048=AXIS2_PLACEMENT_3D('',#4502,#3674,#3675);
#3049=AXIS2_PLACEMENT_3D('',#4503,#3676,#3677);
#3050=AXIS2_PLACEMENT_3D('',#4509,#3681,#3682);
#3051=AXIS2_PLACEMENT_3D('',#4515,#3686,#3687);
#3052=AXIS2_PLACEMENT_3D('',#4521,#3691,#3692);
#3053=AXIS2_PLACEMENT_3D('',#4522,#3693,#3694);
#3054=AXIS2_PLACEMENT_3D('',#4526,#3696,#3697);
#3055=AXIS2_PLACEMENT_3D('',#4527,#3698,#3699);
#3056=AXIS2_PLACEMENT_3D('',#4533,#3703,#3704);
#3057=AXIS2_PLACEMENT_3D('',#4534,#3705,#3706);
#3058=AXIS2_PLACEMENT_3D('',#4538,#3708,#3709);
#3059=AXIS2_PLACEMENT_3D('',#4539,#3710,#3711);
#3060=AXIS2_PLACEMENT_3D('',#4545,#3715,#3716);
#3061=AXIS2_PLACEMENT_3D('',#4551,#3720,#3721);
#3062=AXIS2_PLACEMENT_3D('',#4557,#3725,#3726);
#3063=AXIS2_PLACEMENT_3D('',#4558,#3727,#3728);
#3064=AXIS2_PLACEMENT_3D('',#4562,#3730,#3731);
#3065=AXIS2_PLACEMENT_3D('',#4563,#3732,#3733);
#3066=AXIS2_PLACEMENT_3D('',#4569,#3737,#3738);
#3067=AXIS2_PLACEMENT_3D('',#4572,#3741,#3742);
#3068=AXIS2_PLACEMENT_3D('',#4573,#3743,#3744);
#3069=AXIS2_PLACEMENT_3D('',#4574,#3745,#3746);
#3070=AXIS2_PLACEMENT_3D('',#4580,#3750,#3751);
#3071=AXIS2_PLACEMENT_3D('',#4586,#3755,#3756);
#3072=AXIS2_PLACEMENT_3D('',#4592,#3760,#3761);
#3073=AXIS2_PLACEMENT_3D('',#4593,#3762,#3763);
#3074=AXIS2_PLACEMENT_3D('',#4597,#3765,#3766);
#3075=AXIS2_PLACEMENT_3D('',#4598,#3767,#3768);
#3076=AXIS2_PLACEMENT_3D('',#4604,#3772,#3773);
#3077=AXIS2_PLACEMENT_3D('',#4605,#3774,#3775);
#3078=AXIS2_PLACEMENT_3D('',#4609,#3777,#3778);
#3079=AXIS2_PLACEMENT_3D('',#4610,#3779,#3780);
#3080=AXIS2_PLACEMENT_3D('',#4616,#3784,#3785);
#3081=AXIS2_PLACEMENT_3D('',#4622,#3789,#3790);
#3082=AXIS2_PLACEMENT_3D('',#4628,#3794,#3795);
#3083=AXIS2_PLACEMENT_3D('',#4629,#3796,#3797);
#3084=AXIS2_PLACEMENT_3D('',#4633,#3799,#3800);
#3085=AXIS2_PLACEMENT_3D('',#4634,#3801,#3802);
#3086=AXIS2_PLACEMENT_3D('',#4640,#3806,#3807);
#3087=AXIS2_PLACEMENT_3D('',#4643,#3810,#3811);
#3088=AXIS2_PLACEMENT_3D('',#4644,#3812,#3813);
#3089=AXIS2_PLACEMENT_3D('',#4645,#3814,#3815);
#3090=AXIS2_PLACEMENT_3D('',#4646,#3816,#3817);
#3091=AXIS2_PLACEMENT_3D('',#4647,#3818,#3819);
#3092=DIRECTION('',(0.,0.,1.));
#3093=DIRECTION('',(1.,0.,0.));
#3094=DIRECTION('',(-1.,0.,0.));
#3095=DIRECTION('',(0.,0.,-1.));
#3096=DIRECTION('',(1.,0.,0.));
#3097=DIRECTION('',(0.,0.,-1.));
#3098=DIRECTION('',(-1.,0.,0.));
#3099=DIRECTION('',(0.,0.,-1.));
#3100=DIRECTION('',(1.,0.,0.));
#3101=DIRECTION('',(0.,0.,1.));
#3102=DIRECTION('',(-1.,0.,0.));
#3103=DIRECTION('',(-0.707106781186547,0.,0.707106781186548));
#3104=DIRECTION('',(0.,0.,-1.));
#3105=DIRECTION('',(1.,0.,0.));
#3106=DIRECTION('',(0.,0.,-1.));
#3107=DIRECTION('',(-0.707106781186548,0.,-0.707106781186547));
#3108=DIRECTION('',(-1.,0.,0.));
#3109=DIRECTION('',(0.,0.,1.));
#3110=DIRECTION('',(1.,0.,0.));
#3111=DIRECTION('',(0.,0.,-1.));
#3112=DIRECTION('',(-1.,0.,0.));
#3113=DIRECTION('',(0.,0.,-1.));
#3114=DIRECTION('',(1.,0.,0.));
#3115=DIRECTION('',(0.,0.,-1.));
#3116=DIRECTION('',(0.,1.,0.));
#3117=DIRECTION('',(0.,0.,1.));
#3118=DIRECTION('',(1.,0.,0.));
#3119=DIRECTION('',(0.,1.,1.85333704698377E-16));
#3120=DIRECTION('',(1.,0.,0.));
#3121=DIRECTION('',(0.,1.,1.85333704698377E-16));
#3122=DIRECTION('',(1.,0.,0.));
#3123=DIRECTION('',(0.,-1.,-1.85333704698377E-16));
#3124=DIRECTION('',(1.,0.,0.));
#3125=DIRECTION('',(0.,1.,1.85333704698377E-16));
#3126=DIRECTION('',(0.,-1.85333704698377E-16,1.));
#3127=DIRECTION('',(0.,-1.,-1.85398571495021E-16));
#3128=DIRECTION('',(0.,1.,-1.46513807092635E-16));
#3129=DIRECTION('',(1.,0.,0.));
#3130=DIRECTION('',(0.,-1.,1.46513807092635E-16));
#3131=DIRECTION('',(-1.,0.,-1.00389090044954E-16));
#3132=DIRECTION('',(0.,-1.,0.));
#3133=DIRECTION('',(1.,0.,0.));
#3134=DIRECTION('',(1.,0.,0.));
#3135=DIRECTION('',(0.,-1.,1.46513807092635E-16));
#3136=DIRECTION('',(-1.,0.,0.));
#3137=DIRECTION('',(0.,-1.,1.46513807092635E-16));
#3138=DIRECTION('',(0.,-1.46513807092635E-16,-1.));
#3139=DIRECTION('',(0.,1.,-1.46502818557104E-16));
#3140=DIRECTION('',(1.,0.,0.));
#3141=DIRECTION('',(0.,5.78241158658936E-16,1.));
#3142=DIRECTION('',(-1.,0.,0.));
#3143=DIRECTION('',(0.,5.78241158658936E-16,1.));
#3144=DIRECTION('',(1.,0.,0.));
#3145=DIRECTION('',(0.,0.,1.));
#3146=DIRECTION('',(-1.,0.,0.));
#3147=DIRECTION('',(0.,0.,1.));
#3148=DIRECTION('',(0.,-1.,0.));
#3149=DIRECTION('',(0.,0.,-1.));
#3150=DIRECTION('',(1.,0.,4.89858719658941E-16));
#3151=DIRECTION('',(0.,1.,3.76682811926392E-16));
#3152=DIRECTION('',(-1.,0.,0.));
#3153=DIRECTION('',(-1.44560289664732E-15,1.,3.76682811926392E-16));
#3154=DIRECTION('',(-1.,-1.41931920761739E-15,-5.34633150146457E-31));
#3155=DIRECTION('',(7.22801448323667E-16,-1.,-3.76682811926392E-16));
#3156=DIRECTION('',(-1.,0.,0.));
#3157=DIRECTION('',(0.,1.,3.76682811926392E-16));
#3158=DIRECTION('',(1.,0.,-4.89858719658941E-16));
#3159=DIRECTION('',(0.,-1.,0.));
#3160=DIRECTION('',(-1.,0.,0.));
#3161=DIRECTION('',(0.,-1.,-3.76682811926392E-16));
#3162=DIRECTION('',(1.,0.,0.));
#3163=DIRECTION('',(0.,1.,3.76682811926392E-16));
#3164=DIRECTION('',(-1.,0.,0.));
#3165=DIRECTION('',(0.,-1.,0.));
#3166=DIRECTION('',(0.,-3.76682811926392E-16,1.));
#3167=DIRECTION('',(0.,-1.,-3.76682811926392E-16));
#3168=DIRECTION('',(0.,0.,1.));
#3169=DIRECTION('',(-1.,0.,0.));
#3170=DIRECTION('',(0.,-5.59588218057034E-16,1.));
#3171=DIRECTION('',(-1.,0.,0.));
#3172=DIRECTION('',(0.,-1.,-5.59588218057034E-16));
#3173=DIRECTION('',(0.,5.5944832100252E-16,-1.));
#3174=DIRECTION('',(0.,0.,1.));
#3175=DIRECTION('',(-1.,0.,0.));
#3176=DIRECTION('',(0.,6.99485272571294E-16,-1.));
#3177=DIRECTION('',(-1.,0.,0.));
#3178=DIRECTION('',(0.,1.,6.99485272571294E-16));
#3179=DIRECTION('',(0.,-6.99527241687647E-16,1.));
#3180=DIRECTION('',(1.,0.,0.));
#3181=DIRECTION('',(0.,0.,1.));
#3182=DIRECTION('',(-1.,0.,0.));
#3183=DIRECTION('',(0.,1.,0.));
#3184=DIRECTION('',(-1.,0.,0.));
#3185=DIRECTION('',(-1.,0.,0.));
#3186=DIRECTION('',(0.,0.,1.));
#3187=DIRECTION('',(0.,2.16840434497101E-15,1.));
#3188=DIRECTION('',(0.,-2.16840434497101E-15,-1.));
#3189=DIRECTION('',(0.,-1.,2.16840434497101E-15));
#3190=DIRECTION('',(0.,-2.16840434497101E-15,-1.));
#3191=DIRECTION('',(0.,0.,-1.));
#3192=DIRECTION('',(1.,0.,0.));
#3193=DIRECTION('',(0.,0.,1.));
#3194=DIRECTION('',(0.,-1.,0.));
#3195=DIRECTION('',(0.,0.,-1.));
#3196=DIRECTION('',(0.,0.640184399664481,-0.768221279597375));
#3197=DIRECTION('',(1.,0.,0.));
#3198=DIRECTION('',(0.,-0.640184399664481,0.768221279597375));
#3199=DIRECTION('',(0.,-0.768221279597375,-0.640184399664481));
#3200=DIRECTION('',(0.,0.640184399664481,-0.768221279597375));
#3201=DIRECTION('',(1.,0.,0.));
#3202=DIRECTION('',(0.,0.,1.));
#3203=DIRECTION('',(-1.,0.,0.));
#3204=DIRECTION('',(-1.,0.,0.));
#3205=DIRECTION('',(0.,1.,0.));
#3206=DIRECTION('',(-1.,0.,0.));
#3207=DIRECTION('',(0.,0.,1.));
#3208=DIRECTION('',(0.,0.,1.));
#3209=DIRECTION('',(0.,0.,-1.));
#3210=DIRECTION('',(1.,0.,0.));
#3211=DIRECTION('',(0.,1.,0.));
#3212=DIRECTION('',(0.,0.,1.));
#3213=DIRECTION('',(-1.44560289664732E-15,1.,3.61400724161835E-16));
#3214=DIRECTION('',(0.,-1.,-3.61400724161835E-16));
#3215=DIRECTION('',(0.,3.61400724161835E-16,-1.));
#3216=DIRECTION('',(0.,1.,3.61364584089419E-16));
#3217=DIRECTION('',(1.44560289664732E-15,-1.,-1.08420217248551E-15));
#3218=DIRECTION('',(0.,1.,1.08420217248551E-15));
#3219=DIRECTION('',(1.,0.,0.));
#3220=DIRECTION('',(0.,-1.08420217248551E-15,1.));
#3221=DIRECTION('',(0.,-1.,-1.0842021724855E-15));
#3222=DIRECTION('',(0.,-1.,0.));
#3223=DIRECTION('',(-1.,0.,0.));
#3224=DIRECTION('',(0.,-1.,-1.1229236786457E-15));
#3225=DIRECTION('',(-1.,0.,0.));
#3226=DIRECTION('',(0.,-1.,0.));
#3227=DIRECTION('',(1.,3.09772049281573E-15,0.));
#3228=DIRECTION('',(0.,1.1229236786457E-15,-1.));
#3229=DIRECTION('',(0.,1.,1.12301661026049E-15));
#3230=DIRECTION('',(0.,1.,0.));
#3231=DIRECTION('',(0.,-1.,-1.1229236786457E-15));
#3232=DIRECTION('',(-1.,0.,0.));
#3233=DIRECTION('',(0.,1.,0.));
#3234=DIRECTION('',(1.,0.,0.));
#3235=DIRECTION('',(0.,1.1229236786457E-15,-1.));
#3236=DIRECTION('',(0.,1.,1.12301661026049E-15));
#3237=DIRECTION('',(1.,0.,0.));
#3238=DIRECTION('',(0.,0.,1.));
#3239=DIRECTION('',(0.,0.,-1.));
#3240=DIRECTION('',(0.,1.,0.));
#3241=DIRECTION('',(0.,0.,1.));
#3242=DIRECTION('',(5.78241158658936E-16,1.,1.44560289664734E-16));
#3243=DIRECTION('',(1.,0.,0.));
#3244=DIRECTION('',(0.,1.,1.44560289664734E-16));
#3245=DIRECTION('',(1.,0.,0.));
#3246=DIRECTION('',(0.,-1.44560289664734E-16,1.));
#3247=DIRECTION('',(0.,-1.,-1.44632569809566E-16));
#3248=DIRECTION('',(0.,5.78241158658936E-16,1.));
#3249=DIRECTION('',(0.,0.,-1.));
#3250=DIRECTION('',(0.,0.,1.));
#3251=DIRECTION('',(0.,5.78241158658936E-16,1.));
#3252=DIRECTION('',(1.,0.,0.));
#3253=DIRECTION('',(0.,-1.,0.));
#3254=DIRECTION('',(0.,0.,-1.));
#3255=DIRECTION('',(-1.,0.,0.));
#3256=DIRECTION('',(0.,0.,1.));
#3257=DIRECTION('',(-1.,0.,0.));
#3258=DIRECTION('',(0.,-5.59588218057034E-16,1.));
#3259=DIRECTION('',(0.,-1.,-5.59588218057034E-16));
#3260=DIRECTION('',(0.,5.5944832100252E-16,-1.));
#3261=DIRECTION('',(-1.,0.,0.));
#3262=DIRECTION('',(0.,-1.,-1.1229236786457E-15));
#3263=DIRECTION('',(-1.,0.,0.));
#3264=DIRECTION('',(0.,-1.,-1.1229236786457E-15));
#3265=DIRECTION('',(0.,1.1229236786457E-15,-1.));
#3266=DIRECTION('',(0.,1.,1.12301661026049E-15));
#3267=DIRECTION('',(0.,0.,1.));
#3268=DIRECTION('',(0.,6.99485272571294E-16,-1.));
#3269=DIRECTION('',(0.,1.,6.99485272571294E-16));
#3270=DIRECTION('',(0.,-6.99527241687647E-16,1.));
#3271=DIRECTION('',(0.,0.,1.));
#3272=DIRECTION('',(0.,0.,-1.));
#3273=DIRECTION('',(0.,-1.,-3.61400724161835E-16));
#3274=DIRECTION('',(0.,1.,1.08420217248551E-15));
#3275=DIRECTION('',(0.,0.,-1.));
#3276=DIRECTION('',(0.,0.855197831554019,0.518301716093343));
#3277=DIRECTION('',(0.,1.,1.85333704698377E-16));
#3278=DIRECTION('',(-1.,0.,0.));
#3279=DIRECTION('',(0.,1.,0.));
#3280=DIRECTION('',(-1.,0.,0.));
#3281=DIRECTION('',(0.,1.,0.));
#3282=DIRECTION('',(0.,-0.640184399664481,0.768221279597375));
#3283=DIRECTION('',(0.,0.,1.));
#3284=DIRECTION('',(0.,-1.,1.46513807092635E-16));
#3285=DIRECTION('',(1.,0.,0.));
#3286=DIRECTION('',(0.,0.,-1.));
#3287=DIRECTION('',(0.,0.,-1.));
#3288=DIRECTION('',(0.,0.,-1.));
#3289=DIRECTION('',(0.,1.,1.44560289664734E-16));
#3290=DIRECTION('',(0.,0.855197831554019,0.518301716093343));
#3291=DIRECTION('',(0.,0.,-1.));
#3292=DIRECTION('',(1.,0.,0.));
#3293=DIRECTION('',(0.,0.,-1.));
#3294=DIRECTION('',(0.,0.,1.));
#3295=DIRECTION('',(1.,0.,0.));
#3296=DIRECTION('',(0.,1.,0.));
#3297=DIRECTION('',(0.,0.,1.));
#3298=DIRECTION('',(1.15648231731787E-15,-1.,-1.44560289664734E-16));
#3299=DIRECTION('',(1.,0.,0.));
#3300=DIRECTION('',(1.,0.,0.));
#3301=DIRECTION('',(0.,-1.44560289664734E-16,1.));
#3302=DIRECTION('',(0.,-1.,-1.44632569809566E-16));
#3303=DIRECTION('',(0.,-0.518301716093343,0.855197831554019));
#3304=DIRECTION('',(0.,-0.855197831554019,-0.518301716093343));
#3305=DIRECTION('',(0.,1.,1.85333704698377E-16));
#3306=DIRECTION('',(-1.,0.,0.));
#3307=DIRECTION('',(0.,1.,1.85333704698377E-16));
#3308=DIRECTION('',(0.,1.,1.85333704698377E-16));
#3309=DIRECTION('',(1.,0.,0.));
#3310=DIRECTION('',(0.,-1.85333704698377E-16,1.));
#3311=DIRECTION('',(0.,-1.,-1.85398571495021E-16));
#3312=DIRECTION('',(-1.,0.,0.));
#3313=DIRECTION('',(0.,0.,-1.));
#3314=DIRECTION('',(-1.,0.,0.));
#3315=DIRECTION('',(0.,0.,1.));
#3316=DIRECTION('',(0.,-2.16840434497101E-15,-1.));
#3317=DIRECTION('',(1.,0.,0.));
#3318=DIRECTION('',(0.,2.16840434497101E-15,1.));
#3319=DIRECTION('',(0.,-1.,2.16840434497101E-15));
#3320=DIRECTION('',(0.,-2.16840434497101E-15,-1.));
#3321=DIRECTION('',(0.,-1.,1.46513807092635E-16));
#3322=DIRECTION('',(-1.,0.,0.));
#3323=DIRECTION('',(0.,-1.,1.46513807092635E-16));
#3324=DIRECTION('',(1.,0.,0.));
#3325=DIRECTION('',(1.,0.,0.));
#3326=DIRECTION('',(0.,-1.,1.46513807092635E-16));
#3327=DIRECTION('',(0.,-1.,0.));
#3328=DIRECTION('',(-1.,0.,1.00389090044954E-16));
#3329=DIRECTION('',(0.,-1.46513807092635E-16,-1.));
#3330=DIRECTION('',(0.,1.,-1.46502818557104E-16));
#3331=DIRECTION('',(0.,0.,1.));
#3332=DIRECTION('',(1.,0.,0.));
#3333=DIRECTION('',(0.,-1.,0.));
#3334=DIRECTION('',(0.,0.,-1.));
#3335=DIRECTION('',(0.,-0.640184399664481,0.768221279597375));
#3336=DIRECTION('',(1.,0.,0.));
#3337=DIRECTION('',(0.,-0.768221279597375,-0.640184399664481));
#3338=DIRECTION('',(0.,0.640184399664481,-0.768221279597375));
#3339=DIRECTION('',(-1.,0.,0.));
#3340=DIRECTION('',(0.,0.,-1.));
#3341=DIRECTION('',(-1.,0.,0.));
#3342=DIRECTION('',(0.,0.,1.));
#3343=DIRECTION('',(0.,0.,-1.));
#3344=DIRECTION('',(1.,0.,0.));
#3345=DIRECTION('',(0.,1.,0.));
#3346=DIRECTION('',(0.,0.,1.));
#3347=DIRECTION('',(7.22801448323667E-16,-1.,-3.61400724161835E-16));
#3348=DIRECTION('',(0.,3.61400724161835E-16,-1.));
#3349=DIRECTION('',(0.,1.,3.61364584089419E-16));
#3350=DIRECTION('',(0.,0.,-1.));
#3351=DIRECTION('',(-1.,0.,0.));
#3352=DIRECTION('',(0.,0.,-1.));
#3353=DIRECTION('',(1.,0.,0.));
#3354=DIRECTION('',(0.,0.,-1.));
#3355=DIRECTION('',(-1.,0.,0.));
#3356=DIRECTION('',(0.,0.,-1.));
#3357=DIRECTION('',(1.,0.,0.));
#3358=DIRECTION('',(0.,0.,-1.));
#3359=DIRECTION('',(-1.,0.,0.));
#3360=DIRECTION('',(0.,0.,-1.));
#3361=DIRECTION('',(1.,0.,0.));
#3362=DIRECTION('',(1.,0.,0.));
#3363=DIRECTION('',(0.,0.,1.));
#3364=DIRECTION('',(0.,0.,1.));
#3365=DIRECTION('',(0.,1.,0.));
#3366=DIRECTION('',(0.,0.,1.));
#3367=DIRECTION('',(-7.22801448323667E-16,1.,1.08420217248551E-15));
#3368=DIRECTION('',(0.,-1.08420217248551E-15,1.));
#3369=DIRECTION('',(0.,-1.,-1.0842021724855E-15));
#3370=DIRECTION('',(0.,0.,-1.));
#3371=DIRECTION('',(1.,0.,0.));
#3372=DIRECTION('',(0.,0.,-1.));
#3373=DIRECTION('',(0.,1.,0.));
#3374=DIRECTION('',(0.,0.,1.));
#3375=DIRECTION('',(0.,0.,-1.));
#3376=DIRECTION('',(1.,0.,0.));
#3377=DIRECTION('',(0.,0.,-1.));
#3378=DIRECTION('',(0.,1.,0.));
#3379=DIRECTION('',(0.,0.,1.));
#3380=DIRECTION('',(0.,0.,-1.));
#3381=DIRECTION('',(0.,1.,0.));
#3382=DIRECTION('',(-1.,0.,0.));
#3383=DIRECTION('',(0.,0.,1.));
#3384=DIRECTION('',(0.,0.,-1.));
#3385=DIRECTION('',(-1.,-3.09772049281573E-15,0.));
#3386=DIRECTION('',(3.09772049281573E-15,-1.,0.));
#3387=DIRECTION('',(1.,3.09778244722558E-15,0.));
#3388=DIRECTION('',(0.,0.,1.));
#3389=DIRECTION('',(0.,1.,0.));
#3390=DIRECTION('',(-1.,0.,0.));
#3391=DIRECTION('',(0.,0.,1.));
#3392=DIRECTION('',(0.,0.,-1.));
#3393=DIRECTION('',(0.,-1.,0.));
#3394=DIRECTION('',(0.,0.,1.));
#3395=DIRECTION('',(1.,0.,0.));
#3396=DIRECTION('',(0.,0.,-1.));
#3397=DIRECTION('',(0.,0.,-1.));
#3398=DIRECTION('',(-1.,0.,0.));
#3399=DIRECTION('',(0.,-1.,0.));
#3400=DIRECTION('',(0.,0.,-1.));
#3401=DIRECTION('',(0.,-1.,0.));
#3402=DIRECTION('',(1.,0.,0.));
#3403=DIRECTION('',(0.,0.,-1.));
#3404=DIRECTION('',(-5.78241158658936E-16,-1.,0.));
#3405=DIRECTION('',(0.,0.,-1.));
#3406=DIRECTION('',(-5.78241158658936E-16,-1.,0.));
#3407=DIRECTION('',(1.,-5.78241158658936E-16,0.));
#3408=DIRECTION('',(5.78096598369271E-16,1.,0.));
#3409=DIRECTION('',(0.,0.,1.));
#3410=DIRECTION('',(-1.15648231731787E-15,1.,0.));
#3411=DIRECTION('',(-1.15648231731787E-15,1.,0.));
#3412=DIRECTION('',(-1.,-1.15648231731787E-15,0.));
#3413=DIRECTION('',(1.15662687760754E-15,-1.,0.));
#3414=DIRECTION('',(1.05322496755735E-14,-1.,0.));
#3415=DIRECTION('',(-1.15648231731787E-14,1.,0.));
#3416=DIRECTION('',(1.,1.3010426069826E-14,0.));
#3417=DIRECTION('',(1.05322496755735E-14,-1.,0.));
#3418=DIRECTION('',(3.23642439547912E-16,-1.,0.));
#3419=DIRECTION('',(1.,0.,0.));
#3420=DIRECTION('',(-1.,-1.51108316722718E-16,0.));
#3421=DIRECTION('',(1.,0.,0.));
#3422=DIRECTION('',(3.23642439547912E-16,1.,0.));
#3423=DIRECTION('',(-1.15648231731787E-14,1.,0.));
#3424=DIRECTION('',(1.,1.3010426069826E-14,0.));
#3425=DIRECTION('',(1.05322496755735E-14,-1.,0.));
#3426=DIRECTION('',(-1.15648231731787E-14,1.,0.));
#3427=DIRECTION('',(1.,1.3010426069826E-14,0.));
#3428=DIRECTION('',(0.,0.,1.));
#3429=DIRECTION('',(1.,0.,0.));
#3430=DIRECTION('',(-1.,-1.44560289664731E-15,0.));
#3431=DIRECTION('',(1.44545833635767E-15,-1.,0.));
#3432=DIRECTION('',(1.,7.22801448323667E-16,0.));
#3433=DIRECTION('',(-7.22946008613334E-16,1.,0.));
#3434=DIRECTION('',(0.,1.,0.));
#3435=DIRECTION('',(0.,0.,1.));
#3436=DIRECTION('',(0.,0.,1.));
#3437=DIRECTION('',(-1.,0.,0.));
#3438=DIRECTION('',(0.,0.,1.));
#3439=DIRECTION('',(0.,-1.,0.));
#3440=DIRECTION('',(0.,0.,-1.));
#3441=DIRECTION('',(0.,0.,-1.));
#3442=DIRECTION('',(1.,0.,0.));
#3443=DIRECTION('',(0.,0.,-1.));
#3444=DIRECTION('',(0.,-1.,0.));
#3445=DIRECTION('',(0.,0.,-1.));
#3446=DIRECTION('',(1.15648231731787E-15,-1.,0.));
#3447=DIRECTION('',(-1.,0.,0.));
#3448=DIRECTION('',(-3.23642439547912E-16,1.,0.));
#3449=DIRECTION('',(0.,0.,-1.));
#3450=DIRECTION('',(-1.,0.,0.));
#3451=DIRECTION('',(0.,0.,-1.));
#3452=DIRECTION('',(0.707106781186548,0.,0.707106781186547));
#3453=DIRECTION('',(0.,-1.,0.));
#3454=DIRECTION('',(0.,0.,-1.));
#3455=DIRECTION('',(-1.,-3.23642439547912E-16,0.));
#3456=DIRECTION('',(3.23525928269675E-16,-1.,0.));
#3457=DIRECTION('',(-1.,0.,0.));
#3458=DIRECTION('',(5.78241158658936E-16,1.,0.));
#3459=DIRECTION('',(-3.23642439547912E-16,-1.,0.));
#3460=DIRECTION('',(0.,0.,-1.));
#3461=DIRECTION('',(-1.,0.,0.));
#3462=DIRECTION('',(0.,0.,-1.));
#3463=DIRECTION('',(0.707106781186547,0.,-0.707106781186548));
#3464=DIRECTION('',(0.,-1.,0.));
#3465=DIRECTION('',(0.,0.,-1.));
#3466=DIRECTION('',(1.,-3.23642439547912E-16,0.));
#3467=DIRECTION('',(3.23525928269675E-16,1.,0.));
#3468=DIRECTION('',(0.,5.78241158658936E-16,1.));
#3469=DIRECTION('',(0.,-0.554700196225228,-0.832050294337844));
#3470=DIRECTION('',(0.,-1.,-3.04931861011549E-16));
#3471=DIRECTION('',(0.,-0.554700196225228,0.832050294337844));
#3472=DIRECTION('',(0.,3.46944695195361E-16,-1.));
#3473=DIRECTION('',(1.,0.,0.));
#3474=DIRECTION('',(0.,0.,-1.));
#3475=DIRECTION('',(0.,1.,3.04931861011549E-16));
#3476=DIRECTION('',(0.,0.554700196225228,0.832050294337844));
#3477=DIRECTION('',(0.,5.78241158658936E-16,1.));
#3478=DIRECTION('',(0.,3.46944695195361E-16,-1.));
#3479=DIRECTION('',(0.,0.554700196225228,-0.832050294337844));
#3480=DIRECTION('',(1.,0.,0.));
#3481=DIRECTION('',(0.,0.,-1.));
#3482=DIRECTION('',(-1.,0.,0.));
#3483=DIRECTION('',(0.,-1.,5.78241158658936E-16));
#3484=DIRECTION('',(0.,-5.78096598369271E-16,-1.));
#3485=DIRECTION('',(0.,1.,3.04931861011549E-16));
#3486=DIRECTION('',(1.,0.,0.));
#3487=DIRECTION('',(0.,-1.,-3.04931861011549E-16));
#3488=DIRECTION('',(-1.,0.,0.));
#3489=DIRECTION('',(0.,-3.04931861011549E-16,1.));
#3490=DIRECTION('',(0.,-1.,-3.04931861011548E-16));
#3491=DIRECTION('',(1.,0.,0.));
#3492=DIRECTION('',(0.,1.,3.46944695195361E-16));
#3493=DIRECTION('',(0.,-3.46944695195361E-16,1.));
#3494=DIRECTION('',(0.,0.,-1.));
#3495=DIRECTION('',(0.,-1.,0.));
#3496=DIRECTION('',(1.,0.,0.));
#3497=DIRECTION('',(0.,0.,-1.));
#3498=DIRECTION('',(0.,0.,-1.));
#3499=DIRECTION('',(0.,-1.,0.));
#3500=DIRECTION('',(1.,0.,0.));
#3501=DIRECTION('',(0.,0.,-1.));
#3502=DIRECTION('',(-1.,0.,0.));
#3503=DIRECTION('',(0.,1.,0.));
#3504=DIRECTION('',(0.,0.,1.));
#3505=DIRECTION('',(0.,0.,-1.));
#3506=DIRECTION('',(-1.,0.,0.));
#3507=DIRECTION('',(-0.46137468894065,-0.492133001536691,-0.738199502305038));
#3508=DIRECTION('',(0.46137468894065,-0.492133001536691,0.738199502305038));
#3509=DIRECTION('',(0.847998304005087,1.61613563109318E-16,-0.529998940003181));
#3510=DIRECTION('',(0.,-1.,-3.04931861011548E-16));
#3511=DIRECTION('',(-0.46137468894065,-0.492133001536691,0.738199502305038));
#3512=DIRECTION('',(0.,0.832050294337844,0.554700196225228));
#3513=DIRECTION('',(-1.,0.,0.));
#3514=DIRECTION('',(0.46137468894065,-0.492133001536691,-0.738199502305038));
#3515=DIRECTION('',(0.,-0.832050294337844,0.554700196225228));
#3516=DIRECTION('',(-1.,0.,0.));
#3517=DIRECTION('',(0.847998304005087,-1.61613563109318E-16,0.529998940003181));
#3518=DIRECTION('',(0.,1.,3.04931861011548E-16));
#3519=DIRECTION('',(0.,-1.,0.));
#3520=DIRECTION('',(0.,-1.,0.));
#3521=DIRECTION('',(1.,0.,0.));
#3522=DIRECTION('',(0.,0.,1.));
#3523=DIRECTION('',(1.,0.,0.));
#3524=DIRECTION('',(0.,0.,-1.));
#3525=DIRECTION('',(1.,0.,0.));
#3526=DIRECTION('',(0.,0.,-1.));
#3527=DIRECTION('',(0.,0.,-1.));
#3528=DIRECTION('',(1.,0.,0.));
#3529=DIRECTION('',(0.,0.,-1.));
#3530=DIRECTION('',(0.,-1.,0.));
#3531=DIRECTION('',(0.,0.,-1.));
#3532=DIRECTION('',(0.,3.46944695195361E-16,-1.));
#3533=DIRECTION('',(-1.,0.,0.));
#3534=DIRECTION('',(0.,3.46944695195361E-16,-1.));
#3535=DIRECTION('',(0.,-1.,-3.46944695195361E-16));
#3536=DIRECTION('',(0.,3.46944695195361E-16,-1.));
#3537=DIRECTION('',(0.,-1.,-3.04931861011549E-16));
#3538=DIRECTION('',(-1.,0.,0.));
#3539=DIRECTION('',(0.,1.,3.04931861011549E-16));
#3540=DIRECTION('',(1.,0.,0.));
#3541=DIRECTION('',(0.,3.04931861011549E-16,-1.));
#3542=DIRECTION('',(0.,1.,3.04931861011548E-16));
#3543=DIRECTION('',(0.,5.78241158658936E-16,1.));
#3544=DIRECTION('',(1.,0.,0.));
#3545=DIRECTION('',(0.,5.78241158658936E-16,1.));
#3546=DIRECTION('',(0.,1.,-5.78241158658936E-16));
#3547=DIRECTION('',(0.,5.78096598369271E-16,1.));
#3548=DIRECTION('',(0.,0.554700196225228,0.832050294337844));
#3549=DIRECTION('',(0.,1.,3.04931861011549E-16));
#3550=DIRECTION('',(0.,0.554700196225228,-0.832050294337844));
#3551=DIRECTION('',(1.,0.,0.));
#3552=DIRECTION('',(0.,0.,-1.));
#3553=DIRECTION('',(0.,-1.,-3.04931861011549E-16));
#3554=DIRECTION('',(0.,-0.554700196225228,-0.832050294337844));
#3555=DIRECTION('',(0.,-0.554700196225228,0.832050294337844));
#3556=DIRECTION('',(1.,0.,0.));
#3557=DIRECTION('',(0.,0.,-1.));
#3558=DIRECTION('',(0.46137468894065,-0.492133001536691,-0.738199502305038));
#3559=DIRECTION('',(-0.46137468894065,-0.492133001536691,0.738199502305038));
#3560=DIRECTION('',(-0.847998304005087,1.61613563109318E-16,-0.529998940003181));
#3561=DIRECTION('',(0.,-1.,-3.04931861011548E-16));
#3562=DIRECTION('',(0.46137468894065,-0.492133001536691,0.738199502305038));
#3563=DIRECTION('',(0.,0.832050294337844,0.554700196225228));
#3564=DIRECTION('',(1.,0.,0.));
#3565=DIRECTION('',(-0.46137468894065,-0.492133001536691,-0.738199502305038));
#3566=DIRECTION('',(0.,-0.832050294337844,0.554700196225228));
#3567=DIRECTION('',(1.,0.,0.));
#3568=DIRECTION('',(-0.847998304005087,-1.61613563109318E-16,0.529998940003181));
#3569=DIRECTION('',(0.,1.,3.04931861011548E-16));
#3570=DIRECTION('',(0.,0.,-1.));
#3571=DIRECTION('',(0.,-1.,-2.34422091348217E-16));
#3572=DIRECTION('',(1.,1.05322496755735E-14,0.));
#3573=DIRECTION('',(-1.05321567439587E-14,1.,0.));
#3574=DIRECTION('',(0.,0.,-1.));
#3575=DIRECTION('',(-1.,0.,0.));
#3576=DIRECTION('',(-1.30104260698261E-14,1.,0.));
#3577=DIRECTION('',(-1.,-1.30104260698261E-14,0.));
#3578=DIRECTION('',(0.,-1.,-2.34422091348217E-16));
#3579=DIRECTION('',(-1.,-1.15648231731787E-14,0.));
#3580=DIRECTION('',(1.15649677334684E-14,-1.,0.));
#3581=DIRECTION('',(0.,-1.,0.));
#3582=DIRECTION('',(0.,-1.3344026738283E-15,1.));
#3583=DIRECTION('',(-1.,0.,0.));
#3584=DIRECTION('',(0.,0.999999999999997,0.));
#3585=DIRECTION('',(0.,-1.,2.16840434497102E-15));
#3586=DIRECTION('',(0.,0.,1.));
#3587=DIRECTION('',(0.,1.,8.7513598795701E-17));
#3588=DIRECTION('',(-1.,0.,0.));
#3589=DIRECTION('',(0.,0.999999999999994,0.));
#3590=DIRECTION('',(0.,0.707106781186533,0.707106781186562));
#3591=DIRECTION('',(1.,0.,0.));
#3592=DIRECTION('',(0.,0.999999999999994,-6.12323399573683E-17));
#3593=DIRECTION('',(0.,1.,0.));
#3594=DIRECTION('',(0.,0.,-1.));
#3595=DIRECTION('',(0.,1.,2.16840434497101E-16));
#3596=DIRECTION('',(1.,0.,0.));
#3597=DIRECTION('',(0.,0.,-1.));
#3598=DIRECTION('',(0.,-1.,0.));
#3599=DIRECTION('',(0.,1.,2.16840434497101E-16));
#3600=DIRECTION('',(0.,0.,-1.));
#3601=DIRECTION('',(0.,1.,0.));
#3602=DIRECTION('',(1.,0.,0.));
#3603=DIRECTION('',(0.,0.999999999999994,-6.12323399573683E-17));
#3604=DIRECTION('',(0.,0.707106781186533,0.707106781186562));
#3605=DIRECTION('',(-1.,0.,0.));
#3606=DIRECTION('',(0.,0.999999999999994,0.));
#3607=DIRECTION('',(0.,1.,8.7513598795701E-17));
#3608=DIRECTION('',(0.,0.,1.));
#3609=DIRECTION('',(0.,-1.,2.16840434497102E-15));
#3610=DIRECTION('',(-1.,0.,0.));
#3611=DIRECTION('',(0.,0.999999999999997,0.));
#3612=DIRECTION('',(0.,-1.3344026738283E-15,1.));
#3613=DIRECTION('',(1.,0.,0.));
#3614=DIRECTION('',(0.,0.,-1.));
#3615=DIRECTION('',(-1.,0.,0.));
#3616=DIRECTION('',(0.,0.,-1.));
#3617=DIRECTION('',(-1.,0.,0.));
#3618=DIRECTION('',(-1.,0.,0.));
#3619=DIRECTION('',(0.,-1.,-1.3344026738283E-15));
#3620=DIRECTION('',(0.,1.33400235302616E-15,-1.));
#3621=DIRECTION('',(-1.,0.,0.));
#3622=DIRECTION('',(-1.,0.,0.));
#3623=DIRECTION('',(0.,0.,1.));
#3624=DIRECTION('',(-1.,0.,0.));
#3625=DIRECTION('',(0.,-2.16840434497102E-15,-1.));
#3626=DIRECTION('',(0.,1.,-2.16840434497101E-15));
#3627=DIRECTION('',(-1.,0.,0.));
#3628=DIRECTION('',(0.,-1.,0.));
#3629=DIRECTION('',(0.,0.,-1.));
#3630=DIRECTION('',(-1.,0.,0.));
#3631=DIRECTION('',(0.,-8.7513598795701E-17,1.));
#3632=DIRECTION('',(0.,-1.,-8.7513598795701E-17));
#3633=DIRECTION('',(-1.,0.,0.));
#3634=DIRECTION('',(-1.,0.,0.));
#3635=DIRECTION('',(0.,0.,1.));
#3636=DIRECTION('',(-1.,0.,0.));
#3637=DIRECTION('',(0.,-0.707106781186562,0.707106781186533));
#3638=DIRECTION('',(0.,-0.707106781186533,-0.707106781186562));
#3639=DIRECTION('',(-1.,0.,0.));
#3640=DIRECTION('',(-1.,0.,0.));
#3641=DIRECTION('',(0.,0.,1.));
#3642=DIRECTION('',(-1.,0.,0.));
#3643=DIRECTION('',(0.,0.,1.));
#3644=DIRECTION('',(1.,0.,0.));
#3645=DIRECTION('',(-1.,0.,0.));
#3646=DIRECTION('',(0.,1.,0.));
#3647=DIRECTION('',(0.,0.,1.));
#3648=DIRECTION('',(0.,-2.16840434497101E-16,1.));
#3649=DIRECTION('',(0.,-1.,-2.16840434497101E-16));
#3650=DIRECTION('',(0.,2.34422091348217E-16,-1.));
#3651=DIRECTION('',(0.,1.,2.34404509691366E-16));
#3652=DIRECTION('',(0.,0.,-1.));
#3653=DIRECTION('',(0.,-1.,-2.34422091348217E-16));
#3654=DIRECTION('',(1.,1.05322496755735E-14,0.));
#3655=DIRECTION('',(-1.05323735843932E-14,1.,0.));
#3656=DIRECTION('',(0.,0.,-1.));
#3657=DIRECTION('',(-1.,0.,0.));
#3658=DIRECTION('',(-1.30104260698261E-14,1.,0.));
#3659=DIRECTION('',(-1.,-1.30104260698261E-14,0.));
#3660=DIRECTION('',(0.,-1.,-2.34422091348217E-16));
#3661=DIRECTION('',(-1.,-1.15648231731787E-14,0.));
#3662=DIRECTION('',(1.15647508930339E-14,-1.,0.));
#3663=DIRECTION('',(0.,0.,-1.));
#3664=DIRECTION('',(0.,-1.,-2.34422091348217E-16));
#3665=DIRECTION('',(1.,1.05322496755735E-14,0.));
#3666=DIRECTION('',(-1.05322380591216E-14,1.,0.));
#3667=DIRECTION('',(0.,0.,-1.));
#3668=DIRECTION('',(-1.,0.,0.));
#3669=DIRECTION('',(-1.30104260698261E-14,1.,0.));
#3670=DIRECTION('',(-1.,-1.30104260698261E-14,0.));
#3671=DIRECTION('',(0.,-1.,-2.34422091348217E-16));
#3672=DIRECTION('',(-1.,-1.15648231731787E-14,0.));
#3673=DIRECTION('',(1.15648322081968E-14,-1.,0.));
#3674=DIRECTION('',(0.,2.34422091348217E-16,-1.));
#3675=DIRECTION('',(0.,1.,2.34404509691366E-16));
#3676=DIRECTION('',(0.,2.34422091348217E-16,-1.));
#3677=DIRECTION('',(0.,1.,2.34404509691366E-16));
#3678=DIRECTION('',(0.,1.,2.16840434497101E-16));
#3679=DIRECTION('',(-1.,0.,0.));
#3680=DIRECTION('',(0.,1.,2.16840434497101E-16));
#3681=DIRECTION('',(0.,-2.16840434497101E-16,1.));
#3682=DIRECTION('',(0.,-1.,-2.16840434497101E-16));
#3683=DIRECTION('',(0.,0.,-1.));
#3684=DIRECTION('',(-1.,0.,0.));
#3685=DIRECTION('',(0.,0.,-1.));
#3686=DIRECTION('',(0.,1.,0.));
#3687=DIRECTION('',(0.,0.,1.));
#3688=DIRECTION('',(0.,1.,0.));
#3689=DIRECTION('',(-1.,0.,0.));
#3690=DIRECTION('',(0.,1.,0.));
#3691=DIRECTION('',(0.,0.,1.));
#3692=DIRECTION('',(1.,0.,0.));
#3693=DIRECTION('',(1.,0.,0.));
#3694=DIRECTION('',(0.,0.999999999999994,-6.12323399573683E-17));
#3695=DIRECTION('',(-1.,0.,0.));
#3696=DIRECTION('',(1.,0.,0.));
#3697=DIRECTION('',(0.,0.999999999999994,-6.12323399573683E-17));
#3698=DIRECTION('',(-1.,0.,0.));
#3699=DIRECTION('',(0.,0.,1.));
#3700=DIRECTION('',(0.,0.707106781186533,0.707106781186562));
#3701=DIRECTION('',(-1.,0.,0.));
#3702=DIRECTION('',(0.,0.707106781186533,0.707106781186562));
#3703=DIRECTION('',(0.,-0.707106781186562,0.707106781186533));
#3704=DIRECTION('',(0.,-0.707106781186533,-0.707106781186562));
#3705=DIRECTION('',(-1.,0.,0.));
#3706=DIRECTION('',(0.,0.999999999999994,0.));
#3707=DIRECTION('',(-1.,0.,0.));
#3708=DIRECTION('',(-1.,0.,0.));
#3709=DIRECTION('',(0.,0.999999999999994,0.));
#3710=DIRECTION('',(-1.,0.,0.));
#3711=DIRECTION('',(0.,0.,1.));
#3712=DIRECTION('',(0.,1.,8.7513598795701E-17));
#3713=DIRECTION('',(-1.,0.,0.));
#3714=DIRECTION('',(0.,1.,8.7513598795701E-17));
#3715=DIRECTION('',(0.,-8.7513598795701E-17,1.));
#3716=DIRECTION('',(0.,-1.,-8.7513598795701E-17));
#3717=DIRECTION('',(0.,0.,1.));
#3718=DIRECTION('',(-1.,0.,0.));
#3719=DIRECTION('',(0.,0.,1.));
#3720=DIRECTION('',(0.,-1.,0.));
#3721=DIRECTION('',(0.,0.,-1.));
#3722=DIRECTION('',(0.,-1.,2.16840434497102E-15));
#3723=DIRECTION('',(-1.,0.,0.));
#3724=DIRECTION('',(0.,-1.,2.16840434497102E-15));
#3725=DIRECTION('',(0.,-2.16840434497102E-15,-1.));
#3726=DIRECTION('',(0.,1.,-2.16840434497101E-15));
#3727=DIRECTION('',(-1.,0.,0.));
#3728=DIRECTION('',(0.,0.999999999999997,0.));
#3729=DIRECTION('',(-1.,0.,0.));
#3730=DIRECTION('',(-1.,0.,0.));
#3731=DIRECTION('',(0.,0.999999999999997,0.));
#3732=DIRECTION('',(-1.,0.,0.));
#3733=DIRECTION('',(0.,0.,1.));
#3734=DIRECTION('',(0.,-1.3344026738283E-15,1.));
#3735=DIRECTION('',(-1.,0.,0.));
#3736=DIRECTION('',(0.,-1.3344026738283E-15,1.));
#3737=DIRECTION('',(0.,-1.,-1.3344026738283E-15));
#3738=DIRECTION('',(0.,1.33400235302616E-15,-1.));
#3739=DIRECTION('',(0.,-1.,0.));
#3740=DIRECTION('',(0.,-1.,0.));
#3741=DIRECTION('',(0.,0.,-1.));
#3742=DIRECTION('',(-1.,0.,0.));
#3743=DIRECTION('',(1.,0.,0.));
#3744=DIRECTION('',(0.,0.,-1.));
#3745=DIRECTION('',(1.,0.,0.));
#3746=DIRECTION('',(0.,0.,-1.));
#3747=DIRECTION('',(0.,1.,2.16840434497101E-16));
#3748=DIRECTION('',(-1.,0.,0.));
#3749=DIRECTION('',(0.,1.,2.16840434497101E-16));
#3750=DIRECTION('',(0.,-2.16840434497101E-16,1.));
#3751=DIRECTION('',(0.,-1.,-2.16840434497101E-16));
#3752=DIRECTION('',(0.,0.,-1.));
#3753=DIRECTION('',(-1.,0.,0.));
#3754=DIRECTION('',(0.,0.,-1.));
#3755=DIRECTION('',(0.,1.,0.));
#3756=DIRECTION('',(0.,0.,1.));
#3757=DIRECTION('',(0.,1.,0.));
#3758=DIRECTION('',(-1.,0.,0.));
#3759=DIRECTION('',(0.,1.,0.));
#3760=DIRECTION('',(0.,0.,1.));
#3761=DIRECTION('',(1.,0.,0.));
#3762=DIRECTION('',(1.,0.,0.));
#3763=DIRECTION('',(0.,0.999999999999994,-6.12323399573683E-17));
#3764=DIRECTION('',(-1.,0.,0.));
#3765=DIRECTION('',(1.,0.,0.));
#3766=DIRECTION('',(0.,0.999999999999994,-6.12323399573683E-17));
#3767=DIRECTION('',(-1.,0.,0.));
#3768=DIRECTION('',(0.,0.,1.));
#3769=DIRECTION('',(0.,0.707106781186533,0.707106781186562));
#3770=DIRECTION('',(-1.,0.,0.));
#3771=DIRECTION('',(0.,0.707106781186533,0.707106781186562));
#3772=DIRECTION('',(0.,-0.707106781186562,0.707106781186533));
#3773=DIRECTION('',(0.,-0.707106781186533,-0.707106781186562));
#3774=DIRECTION('',(-1.,0.,0.));
#3775=DIRECTION('',(0.,0.999999999999994,0.));
#3776=DIRECTION('',(-1.,0.,0.));
#3777=DIRECTION('',(-1.,0.,0.));
#3778=DIRECTION('',(0.,0.999999999999994,0.));
#3779=DIRECTION('',(-1.,0.,0.));
#3780=DIRECTION('',(0.,0.,1.));
#3781=DIRECTION('',(0.,1.,8.7513598795701E-17));
#3782=DIRECTION('',(-1.,0.,0.));
#3783=DIRECTION('',(0.,1.,8.7513598795701E-17));
#3784=DIRECTION('',(0.,-8.7513598795701E-17,1.));
#3785=DIRECTION('',(0.,-1.,-8.7513598795701E-17));
#3786=DIRECTION('',(0.,0.,1.));
#3787=DIRECTION('',(-1.,0.,0.));
#3788=DIRECTION('',(0.,0.,1.));
#3789=DIRECTION('',(0.,-1.,0.));
#3790=DIRECTION('',(0.,0.,-1.));
#3791=DIRECTION('',(0.,-1.,2.16840434497102E-15));
#3792=DIRECTION('',(-1.,0.,0.));
#3793=DIRECTION('',(0.,-1.,2.16840434497102E-15));
#3794=DIRECTION('',(0.,-2.16840434497102E-15,-1.));
#3795=DIRECTION('',(0.,1.,-2.16840434497101E-15));
#3796=DIRECTION('',(-1.,0.,0.));
#3797=DIRECTION('',(0.,0.999999999999997,0.));
#3798=DIRECTION('',(-1.,0.,0.));
#3799=DIRECTION('',(-1.,0.,0.));
#3800=DIRECTION('',(0.,0.999999999999997,0.));
#3801=DIRECTION('',(-1.,0.,0.));
#3802=DIRECTION('',(0.,0.,1.));
#3803=DIRECTION('',(0.,-1.3344026738283E-15,1.));
#3804=DIRECTION('',(-1.,0.,0.));
#3805=DIRECTION('',(0.,-1.3344026738283E-15,1.));
#3806=DIRECTION('',(0.,-1.,-1.3344026738283E-15));
#3807=DIRECTION('',(0.,1.33400235302616E-15,-1.));
#3808=DIRECTION('',(0.,-1.,0.));
#3809=DIRECTION('',(0.,-1.,0.));
#3810=DIRECTION('',(0.,0.,-1.));
#3811=DIRECTION('',(-1.,0.,0.));
#3812=DIRECTION('',(1.,0.,0.));
#3813=DIRECTION('',(0.,0.,-1.));
#3814=DIRECTION('',(1.,0.,0.));
#3815=DIRECTION('',(0.,0.,-1.));
#3816=DIRECTION('',(-0.707106781186548,4.088782444489E-16,-0.707106781186547));
#3817=DIRECTION('',(-5.78096598369271E-16,-1.,0.));
#3818=DIRECTION('',(0.707106781186547,8.177564888978E-16,-0.707106781186548));
#3819=DIRECTION('',(-1.15662687760754E-15,1.,0.));
#3820=CARTESIAN_POINT('',(0.,0.,0.));
#3821=CARTESIAN_POINT('',(2.87,5.67,1.1));
#3822=CARTESIAN_POINT('',(0.2,5.67,1.1));
#3823=CARTESIAN_POINT('',(-0.2,5.67,1.1));
#3824=CARTESIAN_POINT('',(0.199999999999938,5.67000000000001,0.299999999999993));
#3825=CARTESIAN_POINT('',(0.199999999999944,5.67,0.199999999999993));
#3826=CARTESIAN_POINT('',(2.87,5.67,0.199999999999993));
#3827=CARTESIAN_POINT('',(1.59999999999994,5.67000000000001,0.199999999999993));
#3828=CARTESIAN_POINT('',(1.59999999999994,5.67000000000001,0.299999999999993));
#3829=CARTESIAN_POINT('',(1.6,5.67,1.1));
#3830=CARTESIAN_POINT('',(2.87,5.67,1.1));
#3831=CARTESIAN_POINT('',(2.,5.67,1.1));
#3832=CARTESIAN_POINT('',(1.99999999999994,5.67000000000001,0.299999999999993));
#3833=CARTESIAN_POINT('',(1.99999999999994,5.67000000000001,0.199999999999993));
#3834=CARTESIAN_POINT('',(2.87,5.67,0.199999999999993));
#3835=CARTESIAN_POINT('',(3.23,5.67,0.199999999999996));
#3836=CARTESIAN_POINT('',(3.23,5.67,0.599999999999996));
#3837=CARTESIAN_POINT('',(3.23,5.67,0.599999999999996));
#3838=CARTESIAN_POINT('',(2.72,5.67,0.599999999999996));
#3839=CARTESIAN_POINT('',(3.17,5.67,0.599999999999996));
#3840=CARTESIAN_POINT('',(3.22,5.67,0.549999999999995));
#3841=CARTESIAN_POINT('',(2.87,5.67,0.899999999999996));
#3842=CARTESIAN_POINT('',(2.87,5.67,0.199999999999993));
#3843=CARTESIAN_POINT('',(2.87,5.67,1.35));
#3844=CARTESIAN_POINT('',(3.65,5.67,1.35));
#3845=CARTESIAN_POINT('',(-2.87,5.67,1.35));
#3846=CARTESIAN_POINT('',(-2.87,5.67,0.199999999999993));
#3847=CARTESIAN_POINT('',(-2.87,5.67,0.899999999999996));
#3848=CARTESIAN_POINT('',(-0.350000000000002,5.67,3.42));
#3849=CARTESIAN_POINT('',(-3.17,5.67,0.599999999999996));
#3850=CARTESIAN_POINT('',(-3.23,5.67,0.599999999999996));
#3851=CARTESIAN_POINT('',(-3.23,5.67,0.599999999999996));
#3852=CARTESIAN_POINT('',(-3.23,5.67,0.599999999999996));
#3853=CARTESIAN_POINT('',(-3.23,5.67,0.199999999999996));
#3854=CARTESIAN_POINT('',(2.87,5.67,0.199999999999993));
#3855=CARTESIAN_POINT('',(-2.00000000000006,5.67,0.199999999999993));
#3856=CARTESIAN_POINT('',(-2.00000000000006,5.67000000000001,0.299999999999993));
#3857=CARTESIAN_POINT('',(-2.,5.67,1.1));
#3858=CARTESIAN_POINT('',(2.87,5.67,1.1));
#3859=CARTESIAN_POINT('',(-1.6,5.67,1.1));
#3860=CARTESIAN_POINT('',(-1.60000000000006,5.67000000000001,0.299999999999993));
#3861=CARTESIAN_POINT('',(-1.60000000000006,5.67,0.199999999999993));
#3862=CARTESIAN_POINT('',(2.87,5.67,0.199999999999993));
#3863=CARTESIAN_POINT('',(-0.200000000000061,5.67,0.199999999999993));
#3864=CARTESIAN_POINT('',(-0.200000000000061,5.67000000000001,0.299999999999993));
#3865=CARTESIAN_POINT('',(2.87,5.67,0.199999999999993));
#3866=CARTESIAN_POINT('',(3.65,1.89,1.35));
#3867=CARTESIAN_POINT('',(-3.465,1.89,1.35));
#3868=CARTESIAN_POINT('',(-3.265,1.89,1.35));
#3869=CARTESIAN_POINT('',(-3.465,1.82,1.35));
#3870=CARTESIAN_POINT('',(-3.465,2.99,1.35));
#3871=CARTESIAN_POINT('',(3.65,2.99,1.35));
#3872=CARTESIAN_POINT('',(-3.65,2.99,1.35));
#3873=CARTESIAN_POINT('',(-3.65,1.82,1.35));
#3874=CARTESIAN_POINT('',(-3.65,1.82,1.35));
#3875=CARTESIAN_POINT('',(3.65,1.82,1.35));
#3876=CARTESIAN_POINT('',(-2.87,1.82,1.35));
#3877=CARTESIAN_POINT('',(-2.87,1.82,1.35));
#3878=CARTESIAN_POINT('',(-2.87,2.99,1.35));
#3879=CARTESIAN_POINT('',(3.65,2.99,1.35));
#3880=CARTESIAN_POINT('',(-3.265,2.99,1.35));
#3881=CARTESIAN_POINT('',(-3.265,1.82,1.35));
#3882=CARTESIAN_POINT('',(3.65,1.82,1.35));
#3883=CARTESIAN_POINT('',(-2.87,2.19,0.199999999999997));
#3884=CARTESIAN_POINT('',(-2.87,1.82,0.199999999999997));
#3885=CARTESIAN_POINT('',(-2.87,2.19,0.199999999999997));
#3886=CARTESIAN_POINT('',(3.65,1.82,0.199999999999997));
#3887=CARTESIAN_POINT('',(-3.65,1.82,0.199999999999997));
#3888=CARTESIAN_POINT('',(-3.65,2.19,0.199999999999997));
#3889=CARTESIAN_POINT('',(-3.65,3.12,0.2));
#3890=CARTESIAN_POINT('',(-3.11,3.12,0.2));
#3891=CARTESIAN_POINT('',(-3.11,3.12,0.2));
#3892=CARTESIAN_POINT('',(-3.11,3.12,0.2));
#3893=CARTESIAN_POINT('',(-3.11,2.19,0.2));
#3894=CARTESIAN_POINT('',(3.65,2.19,0.199999999999997));
#3895=CARTESIAN_POINT('',(3.65,2.99,0.199999999999997));
#3896=CARTESIAN_POINT('',(-3.465,2.99,0.199999999999997));
#3897=CARTESIAN_POINT('',(-3.265,2.99,0.199999999999997));
#3898=CARTESIAN_POINT('',(-3.465,2.19,0.199999999999997));
#3899=CARTESIAN_POINT('',(-3.465,2.19,0.199999999999997));
#3900=CARTESIAN_POINT('',(3.65,2.19,0.199999999999997));
#3901=CARTESIAN_POINT('',(-3.265,2.19,0.199999999999997));
#3902=CARTESIAN_POINT('',(-3.265,2.19,0.199999999999997));
#3903=CARTESIAN_POINT('',(3.65,2.19,0.199999999999997));
#3904=CARTESIAN_POINT('',(3.65,2.99,1.35));
#3905=CARTESIAN_POINT('',(2.87,2.99,1.35));
#3906=CARTESIAN_POINT('',(3.265,2.99,1.35));
#3907=CARTESIAN_POINT('',(3.265,2.99,-0.0500000000000025));
#3908=CARTESIAN_POINT('',(3.265,2.99,1.45));
#3909=CARTESIAN_POINT('',(3.465,2.99,1.45));
#3910=CARTESIAN_POINT('',(3.465,2.99,1.45));
#3911=CARTESIAN_POINT('',(3.465,2.99,-0.0500000000000025));
#3912=CARTESIAN_POINT('',(3.465,2.99,1.35));
#3913=CARTESIAN_POINT('',(3.65,2.99,1.35));
#3914=CARTESIAN_POINT('',(3.65,2.99,1.35));
#3915=CARTESIAN_POINT('',(3.65,2.99,1.35));
#3916=CARTESIAN_POINT('',(3.65,2.99,1.55));
#3917=CARTESIAN_POINT('',(3.65,2.99,1.55));
#3918=CARTESIAN_POINT('',(2.87,2.99,1.54999999999999));
#3919=CARTESIAN_POINT('',(2.87,2.99,1.35));
#3920=CARTESIAN_POINT('',(3.65,2.99,1.35));
#3921=CARTESIAN_POINT('',(-3.65,3.12,-2.39540913913222E-15));
#3922=CARTESIAN_POINT('',(-3.65,3.12,-2.38524477946811E-15));
#3923=CARTESIAN_POINT('',(-3.11,3.12,-2.13088543051639E-15));
#3924=CARTESIAN_POINT('',(-3.65,1.52,-2.99760216648792E-15));
#3925=CARTESIAN_POINT('',(-3.65,6.82,-1.0842021724855E-15));
#3926=CARTESIAN_POINT('',(3.65,6.82,-1.0842021724855E-15));
#3927=CARTESIAN_POINT('',(-2.75,6.82,-1.84772831955472E-15));
#3928=CARTESIAN_POINT('',(-2.75,7.12,-1.73472347597681E-15));
#3929=CARTESIAN_POINT('',(-2.75,6.51999999999999,-1.73472347597681E-15));
#3930=CARTESIAN_POINT('',(-2.75,6.51999999999999,-1.73472347597681E-15));
#3931=CARTESIAN_POINT('',(2.75,6.52,-1.73472347597681E-15));
#3932=CARTESIAN_POINT('',(2.75,6.51999999999999,-1.73472347597681E-15));
#3933=CARTESIAN_POINT('',(2.75,6.82,-1.62171863239889E-15));
#3934=CARTESIAN_POINT('',(3.65,6.82,-1.0842021724855E-15));
#3935=CARTESIAN_POINT('',(3.65,6.82,-1.0842021724855E-15));
#3936=CARTESIAN_POINT('',(3.65,1.52,-2.99760216648792E-15));
#3937=CARTESIAN_POINT('',(3.65,3.12,-2.39540913913222E-15));
#3938=CARTESIAN_POINT('',(3.11,3.12,-2.13088543051639E-15));
#3939=CARTESIAN_POINT('',(3.11,3.12,-2.14129929065887E-15));
#3940=CARTESIAN_POINT('',(3.11,3.12,-2.14129929065887E-15));
#3941=CARTESIAN_POINT('',(3.11,2.19,-2.14129929065887E-15));
#3942=CARTESIAN_POINT('',(3.65,2.19,0.));
#3943=CARTESIAN_POINT('',(2.87,2.19,-3.21706946796293E-15));
#3944=CARTESIAN_POINT('',(2.87,1.51999999999999,-3.46944695195361E-15));
#3945=CARTESIAN_POINT('',(2.87,2.62,-3.46944695195361E-15));
#3946=CARTESIAN_POINT('',(2.87,2.62,-3.46944695195361E-15));
#3947=CARTESIAN_POINT('',(-2.87,2.62,-3.46944695195361E-15));
#3948=CARTESIAN_POINT('',(-2.87,2.61999999999999,-3.46944695195361E-15));
#3949=CARTESIAN_POINT('',(-2.87,2.19,-3.63142056108196E-15));
#3950=CARTESIAN_POINT('',(3.65,2.19,0.));
#3951=CARTESIAN_POINT('',(-3.11,2.19,0.));
#3952=CARTESIAN_POINT('',(-3.11,3.12,-2.13088543051639E-15));
#3953=CARTESIAN_POINT('',(3.65,1.52,-2.99760216648792E-15));
#3954=CARTESIAN_POINT('',(-2.75,7.12,-13.795));
#3955=CARTESIAN_POINT('',(-2.75,7.12,0.499999999999999));
#3956=CARTESIAN_POINT('',(-2.75,7.12,1.3));
#3957=CARTESIAN_POINT('',(3.65,7.12,0.499999999999999));
#3958=CARTESIAN_POINT('',(-3.65,7.12,0.499999999999999));
#3959=CARTESIAN_POINT('',(-3.65,7.12,-8.88178419700125E-16));
#3960=CARTESIAN_POINT('',(-3.65,7.12,1.3));
#3961=CARTESIAN_POINT('',(3.65,7.12,1.3));
#3962=CARTESIAN_POINT('',(3.65,7.12,-8.88178419700125E-16));
#3963=CARTESIAN_POINT('',(2.87,1.52,-13.795));
#3964=CARTESIAN_POINT('',(2.87,1.52,0.918614980554397));
#3965=CARTESIAN_POINT('',(2.87,1.52,1.05));
#3966=CARTESIAN_POINT('',(3.65,1.52,0.918614980554397));
#3967=CARTESIAN_POINT('',(3.65,1.52,0.918614980554397));
#3968=CARTESIAN_POINT('',(3.65,1.52,1.54999999999999));
#3969=CARTESIAN_POINT('',(3.65,1.52,1.05));
#3970=CARTESIAN_POINT('',(3.65,1.52,1.05));
#3971=CARTESIAN_POINT('',(3.65,1.52,1.54999999999999));
#3972=CARTESIAN_POINT('',(-2.87,1.82,1.05));
#3973=CARTESIAN_POINT('',(-2.87,1.52,1.05));
#3974=CARTESIAN_POINT('',(-3.65,1.82,1.05));
#3975=CARTESIAN_POINT('',(-3.65,1.52,1.05));
#3976=CARTESIAN_POINT('',(3.65,1.52,1.05));
#3977=CARTESIAN_POINT('',(3.65,1.82,1.05));
#3978=CARTESIAN_POINT('',(-3.11,2.19,-2.83106871279415E-15));
#3979=CARTESIAN_POINT('',(-2.87,2.19,-2.83106871279415E-15));
#3980=CARTESIAN_POINT('',(3.65,2.19,-2.83106871279415E-15));
#3981=CARTESIAN_POINT('',(-2.87,1.82,0.199999999999997));
#3982=CARTESIAN_POINT('',(-2.87,1.82,0.449999999999997));
#3983=CARTESIAN_POINT('',(3.65,1.82,0.449999999999997));
#3984=CARTESIAN_POINT('',(-3.65,1.82,0.449999999999997));
#3985=CARTESIAN_POINT('',(-3.65,1.82,0.199999999999997));
#3986=CARTESIAN_POINT('',(3.65,1.82,0.199999999999997));
#3987=CARTESIAN_POINT('',(-2.87,1.82,0.449999999999997));
#3988=CARTESIAN_POINT('',(-2.87,1.58953361612079,0.726559660655052));
#3989=CARTESIAN_POINT('',(3.65,1.58953361612079,0.726559660655052));
#3990=CARTESIAN_POINT('',(-3.65,1.58953361612079,0.726559660655052));
#3991=CARTESIAN_POINT('',(-3.65,1.82,0.449999999999997));
#3992=CARTESIAN_POINT('',(3.65,1.82,0.449999999999997));
#3993=CARTESIAN_POINT('',(-2.87,1.82,0.918614980554397));
#3994=CARTESIAN_POINT('',(-2.87,1.52,0.918614980554396));
#3995=CARTESIAN_POINT('',(3.65,1.52,0.918614980554397));
#3996=CARTESIAN_POINT('',(-3.65,1.52,0.918614980554397));
#3997=CARTESIAN_POINT('',(-3.65,1.82,0.918614980554397));
#3998=CARTESIAN_POINT('',(3.65,1.82,0.918614980554397));
#3999=CARTESIAN_POINT('',(-2.75,6.82,0.499999999999999));
#4000=CARTESIAN_POINT('',(-2.75,6.82,0.499999999999999));
#4001=CARTESIAN_POINT('',(-3.65,6.82,0.499999999999999));
#4002=CARTESIAN_POINT('',(-3.65,6.82,0.499999999999999));
#4003=CARTESIAN_POINT('',(3.65,6.82,0.499999999999999));
#4004=CARTESIAN_POINT('',(3.65,6.82,0.499999999999999));
#4005=CARTESIAN_POINT('',(-2.75,7.11999999999999,0.499999999999999));
#4006=CARTESIAN_POINT('',(-3.65,7.12,0.499999999999999));
#4007=CARTESIAN_POINT('',(3.65,7.12,0.499999999999999));
#4008=CARTESIAN_POINT('',(-2.75,6.51999999999999,1.3));
#4009=CARTESIAN_POINT('',(-2.75,6.51999999999999,1.3));
#4010=CARTESIAN_POINT('',(-3.65,6.52,1.3));
#4011=CARTESIAN_POINT('',(-3.65,6.52,1.3));
#4012=CARTESIAN_POINT('',(3.65,6.52,1.3));
#4013=CARTESIAN_POINT('',(3.65,6.52,1.3));
#4014=CARTESIAN_POINT('',(-3.15,4.17,1.54999999999999));
#4015=CARTESIAN_POINT('',(-3.15,4.17,1.54999999999999));
#4016=CARTESIAN_POINT('',(-3.15,3.67,1.54999999999999));
#4017=CARTESIAN_POINT('',(3.65,4.17,1.55));
#4018=CARTESIAN_POINT('',(-3.65,4.17,1.55));
#4019=CARTESIAN_POINT('',(-3.65,7.12,1.55));
#4020=CARTESIAN_POINT('',(-3.65,2.99,1.55));
#4021=CARTESIAN_POINT('',(3.65,2.99,1.55));
#4022=CARTESIAN_POINT('',(-2.87,2.99,1.54999999999999));
#4023=CARTESIAN_POINT('',(-2.87,3.67,1.54999999999999));
#4024=CARTESIAN_POINT('',(-2.87,3.67,1.54999999999999));
#4025=CARTESIAN_POINT('',(-3.15,3.67,1.54999999999999));
#4026=CARTESIAN_POINT('',(3.65,7.12,1.55));
#4027=CARTESIAN_POINT('',(2.87,2.62,1.54999999999999));
#4028=CARTESIAN_POINT('',(2.87,3.67,1.54999999999999));
#4029=CARTESIAN_POINT('',(3.65,7.12,1.55));
#4030=CARTESIAN_POINT('',(3.65,4.17,1.55));
#4031=CARTESIAN_POINT('',(3.65,4.17,1.55));
#4032=CARTESIAN_POINT('',(3.15,4.17,1.54999999999999));
#4033=CARTESIAN_POINT('',(3.15,3.67,1.54999999999999));
#4034=CARTESIAN_POINT('',(3.15,3.67,1.54999999999999));
#4035=CARTESIAN_POINT('',(2.87,3.67,1.54999999999999));
#4036=CARTESIAN_POINT('',(3.65,7.12,1.55));
#4037=CARTESIAN_POINT('',(3.65,4.17,1.35));
#4038=CARTESIAN_POINT('',(3.15,4.17,1.35));
#4039=CARTESIAN_POINT('',(3.65,4.17,1.35));
#4040=CARTESIAN_POINT('',(3.15,4.17,0.199999999999993));
#4041=CARTESIAN_POINT('',(3.65,4.17,1.55));
#4042=CARTESIAN_POINT('',(3.65,4.17,1.55));
#4043=CARTESIAN_POINT('',(2.87,4.17,1.35));
#4044=CARTESIAN_POINT('',(2.87,4.17,1.35));
#4045=CARTESIAN_POINT('',(3.65,4.17,1.35));
#4046=CARTESIAN_POINT('',(3.65,4.17,1.35));
#4047=CARTESIAN_POINT('',(3.65,5.67,1.35));
#4048=CARTESIAN_POINT('',(3.65,5.67,1.35));
#4049=CARTESIAN_POINT('',(3.65,4.17,1.35));
#4050=CARTESIAN_POINT('',(-3.265,2.99,-0.0500000000000025));
#4051=CARTESIAN_POINT('',(-3.265,2.99,1.45));
#4052=CARTESIAN_POINT('',(-2.87,2.99,1.35));
#4053=CARTESIAN_POINT('',(-3.65,2.99,1.35));
#4054=CARTESIAN_POINT('',(-3.465,2.99,-0.0500000000000025));
#4055=CARTESIAN_POINT('',(-3.465,2.99,1.45));
#4056=CARTESIAN_POINT('',(-3.465,2.99,1.45));
#4057=CARTESIAN_POINT('',(3.65,2.99,1.35));
#4058=CARTESIAN_POINT('',(3.65,7.12,0.499999999999999));
#4059=CARTESIAN_POINT('',(3.65,7.12,0.499999999999999));
#4060=CARTESIAN_POINT('',(2.75,7.12,0.499999999999999));
#4061=CARTESIAN_POINT('',(2.75,7.12,-13.795));
#4062=CARTESIAN_POINT('',(2.75,7.12,1.3));
#4063=CARTESIAN_POINT('',(3.65,7.12,1.3));
#4064=CARTESIAN_POINT('',(3.65,7.12,1.3));
#4065=CARTESIAN_POINT('',(3.65,7.12,-8.88178419700125E-16));
#4066=CARTESIAN_POINT('',(3.65,7.12,-8.88178419700125E-16));
#4067=CARTESIAN_POINT('',(3.65,6.,1.55));
#4068=CARTESIAN_POINT('',(3.65,6.,1.55));
#4069=CARTESIAN_POINT('',(-3.65,6.,1.55));
#4070=CARTESIAN_POINT('',(3.65,7.12,1.55));
#4071=CARTESIAN_POINT('',(3.65,6.52,1.55));
#4072=CARTESIAN_POINT('',(3.65,6.52,1.55));
#4073=CARTESIAN_POINT('',(-3.65,6.52,1.55));
#4074=CARTESIAN_POINT('',(-3.65,7.12,1.55));
#4075=CARTESIAN_POINT('',(3.65,7.12,1.55));
#4076=CARTESIAN_POINT('',(-2.87,1.52,-13.795));
#4077=CARTESIAN_POINT('',(-3.65,1.52,1.54999999999999));
#4078=CARTESIAN_POINT('',(3.65,1.52,1.54999999999999));
#4079=CARTESIAN_POINT('',(3.65,3.12,-2.38697950294409E-15));
#4080=CARTESIAN_POINT('',(3.65,3.12,0.2));
#4081=CARTESIAN_POINT('',(3.65,6.82,0.499999999999999));
#4082=CARTESIAN_POINT('',(3.65,6.82,0.499999999999999));
#4083=CARTESIAN_POINT('',(3.65,7.12,0.499999999999999));
#4084=CARTESIAN_POINT('',(3.65,6.52,1.3));
#4085=CARTESIAN_POINT('',(3.65,6.52,1.3));
#4086=CARTESIAN_POINT('',(3.65,6.52,1.55));
#4087=CARTESIAN_POINT('',(3.65,5.67,1.35));
#4088=CARTESIAN_POINT('',(3.65,1.82,1.35));
#4089=CARTESIAN_POINT('',(3.65,1.82,1.35));
#4090=CARTESIAN_POINT('',(3.65,1.82,1.05));
#4091=CARTESIAN_POINT('',(3.65,1.82,0.918614980554397));
#4092=CARTESIAN_POINT('',(3.65,1.58953361612079,0.726559660655052));
#4093=CARTESIAN_POINT('',(3.65,1.82,0.449999999999997));
#4094=CARTESIAN_POINT('',(3.65,1.82,0.449999999999997));
#4095=CARTESIAN_POINT('',(3.65,1.82,0.199999999999997));
#4096=CARTESIAN_POINT('',(3.65,1.82,0.199999999999997));
#4097=CARTESIAN_POINT('',(3.65,2.19,0.199999999999997));
#4098=CARTESIAN_POINT('',(3.65,0.,0.));
#4099=CARTESIAN_POINT('',(-3.65,3.12,0.2));
#4100=CARTESIAN_POINT('',(-3.65,4.17,1.55));
#4101=CARTESIAN_POINT('',(-3.65,4.17,1.35));
#4102=CARTESIAN_POINT('',(-3.65,4.17,1.35));
#4103=CARTESIAN_POINT('',(-3.65,5.67,1.35));
#4104=CARTESIAN_POINT('',(-3.65,5.67,1.35));
#4105=CARTESIAN_POINT('',(-3.65,6.52,1.55));
#4106=CARTESIAN_POINT('',(-3.65,0.,0.));
#4107=CARTESIAN_POINT('',(-3.15,4.17,0.199999999999993));
#4108=CARTESIAN_POINT('',(-3.15,4.17,1.35));
#4109=CARTESIAN_POINT('',(3.65,4.17,1.35));
#4110=CARTESIAN_POINT('',(3.65,4.17,1.55));
#4111=CARTESIAN_POINT('',(-2.87,4.16999999999999,1.35));
#4112=CARTESIAN_POINT('',(-2.87,4.17,1.35));
#4113=CARTESIAN_POINT('',(3.65,5.67,1.35));
#4114=CARTESIAN_POINT('',(3.65,4.17,1.35));
#4115=CARTESIAN_POINT('',(3.65,4.17,1.35));
#4116=CARTESIAN_POINT('',(3.65,5.67,1.35));
#4117=CARTESIAN_POINT('',(3.465,1.82,1.35));
#4118=CARTESIAN_POINT('',(3.465,1.89,1.35));
#4119=CARTESIAN_POINT('',(3.65,1.89,1.35));
#4120=CARTESIAN_POINT('',(3.265,1.89,1.35));
#4121=CARTESIAN_POINT('',(3.265,1.82,1.35));
#4122=CARTESIAN_POINT('',(2.87,1.82,1.35));
#4123=CARTESIAN_POINT('',(2.87,1.82,1.35));
#4124=CARTESIAN_POINT('',(3.65,1.82,1.35));
#4125=CARTESIAN_POINT('',(3.65,1.82,1.35));
#4126=CARTESIAN_POINT('',(2.87,1.82,1.05));
#4127=CARTESIAN_POINT('',(3.65,1.82,1.05));
#4128=CARTESIAN_POINT('',(3.11,2.19,-2.83106871279415E-15));
#4129=CARTESIAN_POINT('',(3.11,2.19,0.199999999999997));
#4130=CARTESIAN_POINT('',(3.65,2.19,0.199999999999997));
#4131=CARTESIAN_POINT('',(2.87,2.19,0.199999999999997));
#4132=CARTESIAN_POINT('',(2.87,2.19,-2.83106871279415E-15));
#4133=CARTESIAN_POINT('',(3.65,2.19,-2.83106871279415E-15));
#4134=CARTESIAN_POINT('',(3.465,2.19,0.199999999999997));
#4135=CARTESIAN_POINT('',(3.465,2.99,0.199999999999997));
#4136=CARTESIAN_POINT('',(3.465,2.19,0.199999999999997));
#4137=CARTESIAN_POINT('',(3.65,2.99,0.199999999999997));
#4138=CARTESIAN_POINT('',(3.265,2.99,0.199999999999997));
#4139=CARTESIAN_POINT('',(3.265,2.19,0.199999999999997));
#4140=CARTESIAN_POINT('',(3.265,2.19,0.199999999999997));
#4141=CARTESIAN_POINT('',(3.65,2.19,0.199999999999997));
#4142=CARTESIAN_POINT('',(3.65,1.82,0.199999999999997));
#4143=CARTESIAN_POINT('',(2.87,1.82,0.199999999999997));
#4144=CARTESIAN_POINT('',(2.87,2.19,0.199999999999997));
#4145=CARTESIAN_POINT('',(3.11,3.12,0.2));
#4146=CARTESIAN_POINT('',(3.11,3.12,0.2));
#4147=CARTESIAN_POINT('',(3.65,3.12,0.2));
#4148=CARTESIAN_POINT('',(3.65,2.19,0.199999999999997));
#4149=CARTESIAN_POINT('',(2.87,1.82,0.199999999999997));
#4150=CARTESIAN_POINT('',(2.87,1.82,0.449999999999997));
#4151=CARTESIAN_POINT('',(3.65,1.82,0.449999999999997));
#4152=CARTESIAN_POINT('',(3.65,1.82,0.199999999999997));
#4153=CARTESIAN_POINT('',(2.87,1.82,0.449999999999997));
#4154=CARTESIAN_POINT('',(2.87,1.58953361612079,0.726559660655052));
#4155=CARTESIAN_POINT('',(3.65,1.58953361612079,0.726559660655052));
#4156=CARTESIAN_POINT('',(3.65,1.82,0.449999999999997));
#4157=CARTESIAN_POINT('',(2.87,1.82,0.918614980554397));
#4158=CARTESIAN_POINT('',(3.65,1.82,0.918614980554397));
#4159=CARTESIAN_POINT('',(2.75,6.82,0.499999999999999));
#4160=CARTESIAN_POINT('',(2.75,6.82,0.499999999999999));
#4161=CARTESIAN_POINT('',(3.65,6.82,0.499999999999999));
#4162=CARTESIAN_POINT('',(3.65,6.82,0.499999999999999));
#4163=CARTESIAN_POINT('',(2.75,7.12,0.499999999999999));
#4164=CARTESIAN_POINT('',(3.65,7.12,0.499999999999999));
#4165=CARTESIAN_POINT('',(0.200000000000001,6.52,1.55));
#4166=CARTESIAN_POINT('',(0.2,6.52,1.2));
#4167=CARTESIAN_POINT('',(0.2,6.52,0.3));
#4168=CARTESIAN_POINT('',(3.65,6.52,1.2));
#4169=CARTESIAN_POINT('',(-0.2,6.52,1.2));
#4170=CARTESIAN_POINT('',(-0.2,6.52,1.55));
#4171=CARTESIAN_POINT('',(-0.2,6.52,0.299999999999999));
#4172=CARTESIAN_POINT('',(3.65,6.52,0.3));
#4173=CARTESIAN_POINT('',(-1.6,6.52,1.55));
#4174=CARTESIAN_POINT('',(-1.6,6.52,1.2));
#4175=CARTESIAN_POINT('',(-1.6,6.52,0.3));
#4176=CARTESIAN_POINT('',(3.65,6.52,1.2));
#4177=CARTESIAN_POINT('',(-2.,6.52,1.2));
#4178=CARTESIAN_POINT('',(-2.,6.52,1.55));
#4179=CARTESIAN_POINT('',(-2.,6.52,0.299999999999999));
#4180=CARTESIAN_POINT('',(3.65,6.52,0.3));
#4181=CARTESIAN_POINT('',(2.,6.52,1.55));
#4182=CARTESIAN_POINT('',(2.,6.52,1.2));
#4183=CARTESIAN_POINT('',(2.,6.52,0.3));
#4184=CARTESIAN_POINT('',(3.65,6.52,1.2));
#4185=CARTESIAN_POINT('',(1.6,6.52,1.2));
#4186=CARTESIAN_POINT('',(1.6,6.52,1.55));
#4187=CARTESIAN_POINT('',(1.6,6.52,0.299999999999999));
#4188=CARTESIAN_POINT('',(3.65,6.52,0.3));
#4189=CARTESIAN_POINT('',(3.65,6.52,1.3));
#4190=CARTESIAN_POINT('',(2.75,6.52,1.3));
#4191=CARTESIAN_POINT('',(2.75,6.52,-13.795));
#4192=CARTESIAN_POINT('',(-2.75,6.51999999999999,-13.795));
#4193=CARTESIAN_POINT('',(3.65,6.52,1.55));
#4194=CARTESIAN_POINT('',(2.75,6.52,1.3));
#4195=CARTESIAN_POINT('',(3.65,6.52,1.3));
#4196=CARTESIAN_POINT('',(2.87,4.17,0.199999999999993));
#4197=CARTESIAN_POINT('',(2.87,4.17,0.199999999999993));
#4198=CARTESIAN_POINT('',(3.15,4.17,0.199999999999993));
#4199=CARTESIAN_POINT('',(3.15,4.17,0.199999999999993));
#4200=CARTESIAN_POINT('',(3.15,4.17,0.199999999999993));
#4201=CARTESIAN_POINT('',(3.15,4.17,0.199999999999993));
#4202=CARTESIAN_POINT('',(-3.15,4.17,0.199999999999993));
#4203=CARTESIAN_POINT('',(-3.15,4.17,0.199999999999993));
#4204=CARTESIAN_POINT('',(-2.87,4.17,0.199999999999993));
#4205=CARTESIAN_POINT('',(-2.87,4.17,0.199999999999993));
#4206=CARTESIAN_POINT('',(-2.87,4.17,0.199999999999993));
#4207=CARTESIAN_POINT('',(-2.87,4.17,0.199999999999993));
#4208=CARTESIAN_POINT('',(-3.15,3.67,0.199999999999993));
#4209=CARTESIAN_POINT('',(-3.15,3.67,0.199999999999993));
#4210=CARTESIAN_POINT('',(-3.15,4.17,0.199999999999993));
#4211=CARTESIAN_POINT('',(-3.15,4.17,0.199999999999993));
#4212=CARTESIAN_POINT('',(-2.87,3.67,0.199999999999993));
#4213=CARTESIAN_POINT('',(-2.87,3.67,0.199999999999993));
#4214=CARTESIAN_POINT('',(-3.15,3.67,0.199999999999993));
#4215=CARTESIAN_POINT('',(-3.15,3.67,0.199999999999993));
#4216=CARTESIAN_POINT('',(-2.87,2.62,-13.795));
#4217=CARTESIAN_POINT('',(-2.87,2.62,0.199999999999994));
#4218=CARTESIAN_POINT('',(-2.87,3.67,0.199999999999993));
#4219=CARTESIAN_POINT('',(-2.87,3.67,0.199999999999993));
#4220=CARTESIAN_POINT('',(2.87,3.67,0.199999999999993));
#4221=CARTESIAN_POINT('',(2.87,3.67,0.199999999999993));
#4222=CARTESIAN_POINT('',(2.87,2.62,0.199999999999993));
#4223=CARTESIAN_POINT('',(2.87,2.62,0.199999999999994));
#4224=CARTESIAN_POINT('',(2.87,2.62,-13.795));
#4225=CARTESIAN_POINT('',(2.87,2.62,0.199999999999993));
#4226=CARTESIAN_POINT('',(3.15,3.67,0.199999999999993));
#4227=CARTESIAN_POINT('',(3.15,3.67,0.199999999999993));
#4228=CARTESIAN_POINT('',(2.87,3.67,0.199999999999993));
#4229=CARTESIAN_POINT('',(2.87,3.67,0.199999999999993));
#4230=CARTESIAN_POINT('',(3.15,3.67,0.199999999999993));
#4231=CARTESIAN_POINT('',(3.15,3.67,0.199999999999993));
#4232=CARTESIAN_POINT('',(2.87,4.33,0.899999999999996));
#4233=CARTESIAN_POINT('',(2.87,4.33,0.899999999999996));
#4234=CARTESIAN_POINT('',(2.87,4.33,0.199999999999993));
#4235=CARTESIAN_POINT('',(2.87,4.33,0.199999999999996));
#4236=CARTESIAN_POINT('',(2.87,4.17,0.199999999999993));
#4237=CARTESIAN_POINT('',(2.87,4.17,0.199999999999993));
#4238=CARTESIAN_POINT('',(-2.87,4.33,0.199999999999993));
#4239=CARTESIAN_POINT('',(-2.87,4.33,0.199999999999996));
#4240=CARTESIAN_POINT('',(-2.87,4.33,0.899999999999996));
#4241=CARTESIAN_POINT('',(-2.87,5.67,0.899999999999996));
#4242=CARTESIAN_POINT('',(-2.87,5.67,0.199999999999993));
#4243=CARTESIAN_POINT('',(-2.87,5.67,0.199999999999993));
#4244=CARTESIAN_POINT('',(-0.200000000000061,5.67000000000001,0.199999999999993));
#4245=CARTESIAN_POINT('',(-0.20000000000005,4.62000000000001,0.199999999999993));
#4246=CARTESIAN_POINT('',(-1.60000000000005,4.62000000000001,0.199999999999993));
#4247=CARTESIAN_POINT('',(-1.60000000000005,4.62000000000001,0.199999999999993));
#4248=CARTESIAN_POINT('',(-2.00000000000005,4.62000000000001,0.199999999999993));
#4249=CARTESIAN_POINT('',(-2.00000000000005,4.62000000000001,0.199999999999993));
#4250=CARTESIAN_POINT('',(-2.00000000000006,5.67000000000001,0.199999999999993));
#4251=CARTESIAN_POINT('',(-3.23,4.33,0.199999999999996));
#4252=CARTESIAN_POINT('',(-3.23,4.33,0.199999999999996));
#4253=CARTESIAN_POINT('',(-2.72,4.33,0.199999999999996));
#4254=CARTESIAN_POINT('',(-2.87,2.62,0.199999999999993));
#4255=CARTESIAN_POINT('',(3.23,4.33,0.199999999999996));
#4256=CARTESIAN_POINT('',(3.23,4.33,0.199999999999996));
#4257=CARTESIAN_POINT('',(3.23,5.67,0.199999999999996));
#4258=CARTESIAN_POINT('',(1.99999999999995,4.62000000000001,0.199999999999993));
#4259=CARTESIAN_POINT('',(1.99999999999995,4.62000000000001,0.199999999999993));
#4260=CARTESIAN_POINT('',(1.59999999999995,4.62000000000001,0.199999999999993));
#4261=CARTESIAN_POINT('',(1.59999999999995,4.62000000000001,0.199999999999993));
#4262=CARTESIAN_POINT('',(1.59999999999994,5.67000000000001,0.199999999999993));
#4263=CARTESIAN_POINT('',(0.19999999999995,4.62000000000001,0.199999999999993));
#4264=CARTESIAN_POINT('',(0.19999999999995,4.62000000000001,0.199999999999993));
#4265=CARTESIAN_POINT('',(-0.20000000000005,4.62000000000001,0.199999999999993));
#4266=CARTESIAN_POINT('',(0.,0.,0.199999999999993));
#4267=CARTESIAN_POINT('',(-2.75,7.12,-13.795));
#4268=CARTESIAN_POINT('',(2.75,6.52,-13.795));
#4269=CARTESIAN_POINT('',(2.87,2.62,-13.795));
#4270=CARTESIAN_POINT('',(3.11,3.12,0.2));
#4271=CARTESIAN_POINT('',(3.11,3.12,0.2));
#4272=CARTESIAN_POINT('',(0.,3.12,0.));
#4273=CARTESIAN_POINT('',(-3.11,3.12,-2.13717932240343E-15));
#4274=CARTESIAN_POINT('',(-3.11,3.12,-2.13717932240343E-15));
#4275=CARTESIAN_POINT('',(0.,3.12,0.));
#4276=CARTESIAN_POINT('',(-3.17,4.33,0.599999999999996));
#4277=CARTESIAN_POINT('',(-3.17,4.33,0.599999999999996));
#4278=CARTESIAN_POINT('',(-2.72,4.33,0.599999999999996));
#4279=CARTESIAN_POINT('',(-3.23,4.33,0.599999999999996));
#4280=CARTESIAN_POINT('',(-3.23,4.33,0.599999999999996));
#4281=CARTESIAN_POINT('',(0.,0.,0.599999999999996));
#4282=CARTESIAN_POINT('',(-3.23,4.33,0.599999999999996));
#4283=CARTESIAN_POINT('',(-2.945,4.33,0.824999999999996));
#4284=CARTESIAN_POINT('',(-2.72,4.33,0.599999999999996));
#4285=CARTESIAN_POINT('',(-3.23,4.33,0.599999999999996));
#4286=CARTESIAN_POINT('',(3.23,4.33,0.599999999999996));
#4287=CARTESIAN_POINT('',(3.23,4.33,0.599999999999996));
#4288=CARTESIAN_POINT('',(3.17,4.33,0.599999999999996));
#4289=CARTESIAN_POINT('',(3.17,5.67,0.599999999999996));
#4290=CARTESIAN_POINT('',(3.23,5.67,0.599999999999996));
#4291=CARTESIAN_POINT('',(0.,0.,0.599999999999996));
#4292=CARTESIAN_POINT('',(3.23,4.33,0.599999999999996));
#4293=CARTESIAN_POINT('',(3.2,4.33,0.569999999999996));
#4294=CARTESIAN_POINT('',(3.23,4.33,0.599999999999996));
#4295=CARTESIAN_POINT('',(3.23,5.67,0.599999999999996));
#4296=CARTESIAN_POINT('',(3.265,2.99,-0.0500000000000025));
#4297=CARTESIAN_POINT('',(3.265,2.99,0.0999999999999976));
#4298=CARTESIAN_POINT('',(3.265,2.99,0.0999999999999974));
#4299=CARTESIAN_POINT('',(3.265,2.94333333333333,0.0299999999999975));
#4300=CARTESIAN_POINT('',(3.265,-9.14795583034541E-18,0.0299999999999966));
#4301=CARTESIAN_POINT('',(3.265,2.23666666666667,0.0299999999999973));
#4302=CARTESIAN_POINT('',(3.265,2.29,-0.0500000000000028));
#4303=CARTESIAN_POINT('',(3.265,2.19,0.0999999999999972));
#4304=CARTESIAN_POINT('',(3.265,2.19,1.2));
#4305=CARTESIAN_POINT('',(3.265,0.,0.));
#4306=CARTESIAN_POINT('',(3.465,2.99,0.0299999999999975));
#4307=CARTESIAN_POINT('',(3.465,2.23666666666667,0.0299999999999972));
#4308=CARTESIAN_POINT('',(3.465,2.94333333333333,0.0299999999999975));
#4309=CARTESIAN_POINT('',(3.465,2.02384615384616,-1.34923076923077));
#4310=CARTESIAN_POINT('',(3.465,2.99,0.0999999999999976));
#4311=CARTESIAN_POINT('',(3.465,2.99,-0.0500000000000025));
#4312=CARTESIAN_POINT('',(3.465,2.19,1.2));
#4313=CARTESIAN_POINT('',(3.465,2.19,0.0999999999999972));
#4314=CARTESIAN_POINT('',(3.465,1.56230769230769,1.04153846153846));
#4315=CARTESIAN_POINT('',(3.465,0.,0.));
#4316=CARTESIAN_POINT('',(3.465,2.99,0.0999999999999976));
#4317=CARTESIAN_POINT('',(3.465,2.99,-0.0500000000000025));
#4318=CARTESIAN_POINT('',(3.315,2.19,-0.0500000000000028));
#4319=CARTESIAN_POINT('',(3.315,2.29,-0.0500000000000028));
#4320=CARTESIAN_POINT('',(3.315,2.89,-0.0500000000000026));
#4321=CARTESIAN_POINT('',(3.465,2.89,-0.0500000000000026));
#4322=CARTESIAN_POINT('',(3.415,2.89,-0.0500000000000026));
#4323=CARTESIAN_POINT('',(3.415,2.19,-0.0500000000000028));
#4324=CARTESIAN_POINT('',(3.415,2.29,-0.0500000000000028));
#4325=CARTESIAN_POINT('',(3.465,2.29,-0.0500000000000028));
#4326=CARTESIAN_POINT('',(3.465,2.19,-0.0500000000000028));
#4327=CARTESIAN_POINT('',(3.465,2.19,0.0999999999999972));
#4328=CARTESIAN_POINT('',(3.465,2.19,1.2));
#4329=CARTESIAN_POINT('',(3.465,1.89,1.45));
#4330=CARTESIAN_POINT('',(3.465,1.89,1.45));
#4331=CARTESIAN_POINT('',(3.465,2.99,1.45));
#4332=CARTESIAN_POINT('',(3.465,0.,0.));
#4333=CARTESIAN_POINT('',(3.265,1.89,1.45));
#4334=CARTESIAN_POINT('',(3.265,1.89,1.45));
#4335=CARTESIAN_POINT('',(3.265,2.99,1.45));
#4336=CARTESIAN_POINT('',(3.265,0.,0.));
#4337=CARTESIAN_POINT('',(3.465,1.89,1.45));
#4338=CARTESIAN_POINT('',(3.465,1.89,1.45));
#4339=CARTESIAN_POINT('',(3.465,2.99,1.45));
#4340=CARTESIAN_POINT('',(3.49943708609272,2.98006622516556,0.0850993377483417));
#4341=CARTESIAN_POINT('',(3.42564333017975,2.27864711447493,-0.0329706717123962));
#4342=CARTESIAN_POINT('',(3.465,-9.14795583034541E-18,0.0299999999999966));
#4343=CARTESIAN_POINT('',(3.34692999053926,2.32405865657521,-0.101087984862822));
#4344=CARTESIAN_POINT('',(3.465,2.29,-0.0500000000000028));
#4345=CARTESIAN_POINT('',(3.2731362346263,2.93465468306528,0.0169820245979158));
#4346=CARTESIAN_POINT('',(3.465,2.99,0.0999999999999974));
#4347=CARTESIAN_POINT('',(3.315,2.19,-0.0500000000000028));
#4348=CARTESIAN_POINT('',(-3.265,2.99,1.45));
#4349=CARTESIAN_POINT('',(-3.265,1.89,1.45));
#4350=CARTESIAN_POINT('',(-3.465,2.99,1.45));
#4351=CARTESIAN_POINT('',(-3.465,1.89,1.45));
#4352=CARTESIAN_POINT('',(-3.465,1.89,1.45));
#4353=CARTESIAN_POINT('',(-3.465,2.99,1.45));
#4354=CARTESIAN_POINT('',(-3.265,1.89,1.45));
#4355=CARTESIAN_POINT('',(-3.265,0.,0.));
#4356=CARTESIAN_POINT('',(-3.465,1.89,1.45));
#4357=CARTESIAN_POINT('',(-3.465,0.,0.));
#4358=CARTESIAN_POINT('',(-3.465,1.89,1.45));
#4359=CARTESIAN_POINT('',(-3.465,2.19,1.2));
#4360=CARTESIAN_POINT('',(-3.465,2.19,0.0999999999999972));
#4361=CARTESIAN_POINT('',(-3.465,2.19,0.0999999999999972));
#4362=CARTESIAN_POINT('',(-3.265,2.19,0.0999999999999972));
#4363=CARTESIAN_POINT('',(-3.265,2.19,1.2));
#4364=CARTESIAN_POINT('',(-3.465,2.19,1.2));
#4365=CARTESIAN_POINT('',(-3.415,2.99,-0.0500000000000025));
#4366=CARTESIAN_POINT('',(-3.415,2.89,-0.0500000000000026));
#4367=CARTESIAN_POINT('',(-3.415,2.29,-0.0500000000000028));
#4368=CARTESIAN_POINT('',(-3.465,2.89,-0.0500000000000026));
#4369=CARTESIAN_POINT('',(-3.315,2.89,-0.0500000000000026));
#4370=CARTESIAN_POINT('',(-3.315,2.19,-0.0500000000000028));
#4371=CARTESIAN_POINT('',(-3.315,2.29,-0.0500000000000028));
#4372=CARTESIAN_POINT('',(-3.465,2.29,-0.0500000000000028));
#4373=CARTESIAN_POINT('',(-3.465,2.19,-0.0500000000000028));
#4374=CARTESIAN_POINT('',(-3.265,2.99,-0.0500000000000025));
#4375=CARTESIAN_POINT('',(-3.265,2.99,0.0999999999999975));
#4376=CARTESIAN_POINT('',(-3.465,2.99,0.0999999999999975));
#4377=CARTESIAN_POINT('',(-3.465,2.99,0.0999999999999975));
#4378=CARTESIAN_POINT('',(-3.465,2.99,-0.0500000000000025));
#4379=CARTESIAN_POINT('',(-3.465,2.99,-0.0500000000000025));
#4380=CARTESIAN_POINT('',(-3.465,2.89,-0.0500000000000026));
#4381=CARTESIAN_POINT('',(-3.465,2.94333333333333,0.0299999999999975));
#4382=CARTESIAN_POINT('',(-3.465,2.19,0.0299999999999972));
#4383=CARTESIAN_POINT('',(-3.465,2.23666666666667,0.0299999999999973));
#4384=CARTESIAN_POINT('',(-3.465,2.19,0.0999999999999972));
#4385=CARTESIAN_POINT('',(-3.465,0.,0.));
#4386=CARTESIAN_POINT('',(-3.265,-9.14795583034541E-18,0.0299999999999966));
#4387=CARTESIAN_POINT('',(-3.265,2.94333333333333,0.0299999999999975));
#4388=CARTESIAN_POINT('',(-3.265,2.23666666666667,0.0299999999999972));
#4389=CARTESIAN_POINT('',(-3.265,2.02384615384616,-1.34923076923077));
#4390=CARTESIAN_POINT('',(-3.265,1.56230769230769,1.04153846153846));
#4391=CARTESIAN_POINT('',(-3.265,0.,0.));
#4392=CARTESIAN_POINT('',(-3.42564333017975,2.90135288552507,-0.0329706717123961));
#4393=CARTESIAN_POINT('',(-3.49943708609272,2.19993377483444,0.0850993377483415));
#4394=CARTESIAN_POINT('',(-3.415,2.19,-0.0500000000000028));
#4395=CARTESIAN_POINT('',(-3.2731362346263,2.24534531693472,0.0169820245979156));
#4396=CARTESIAN_POINT('',(-3.465,2.19,0.0999999999999972));
#4397=CARTESIAN_POINT('',(-3.34692999053926,2.85594134342479,-0.101087984862822));
#4398=CARTESIAN_POINT('',(-3.465,2.89,-0.0500000000000026));
#4399=CARTESIAN_POINT('',(-3.265,-9.14795583034541E-18,0.0299999999999966));
#4400=CARTESIAN_POINT('',(1.59999999999995,4.62000000000001,0.299999999999993));
#4401=CARTESIAN_POINT('',(1.6,4.62,1.1));
#4402=CARTESIAN_POINT('',(1.6,6.47,1.1));
#4403=CARTESIAN_POINT('',(1.59999999999994,5.67000000000001,0.299999999999993));
#4404=CARTESIAN_POINT('',(1.99999999999995,4.62000000000001,0.299999999999993));
#4405=CARTESIAN_POINT('',(2.,4.62,1.1));
#4406=CARTESIAN_POINT('',(2.,4.62,1.1));
#4407=CARTESIAN_POINT('',(1.59999999999995,4.62000000000001,0.299999999999993));
#4408=CARTESIAN_POINT('',(2.,6.47,1.1));
#4409=CARTESIAN_POINT('',(1.99999999999995,4.62000000000001,0.299999999999993));
#4410=CARTESIAN_POINT('',(1.6,7.02,1.2));
#4411=CARTESIAN_POINT('',(1.6,7.02,1.2));
#4412=CARTESIAN_POINT('',(1.6,7.02,0.549999999999994));
#4413=CARTESIAN_POINT('',(1.6,7.02,0.549999999999994));
#4414=CARTESIAN_POINT('',(1.6,7.17,0.549999999999994));
#4415=CARTESIAN_POINT('',(1.6,7.17,0.399999999999995));
#4416=CARTESIAN_POINT('',(1.6,7.22,0.399999999999994));
#4417=CARTESIAN_POINT('',(1.6,7.22,0.399999999999994));
#4418=CARTESIAN_POINT('',(1.6,7.22,7.21644966006352E-16));
#4419=CARTESIAN_POINT('',(1.6,7.22,7.0082828429463E-16));
#4420=CARTESIAN_POINT('',(1.6,7.14071067811865,6.93889390390723E-16));
#4421=CARTESIAN_POINT('',(1.6,7.14071067811865,2.98155597433514E-16));
#4422=CARTESIAN_POINT('',(1.6,7.14071067811865,-0.0499999999999997));
#4423=CARTESIAN_POINT('',(1.6,7.10535533905933,-0.0146446609406721));
#4424=CARTESIAN_POINT('',(1.6,7.08464466094067,-0.035355339059329));
#4425=CARTESIAN_POINT('',(1.6,7.08464466094067,-0.0353553390593285));
#4426=CARTESIAN_POINT('',(1.6,7.04928932188135,-8.67361737988404E-16));
#4427=CARTESIAN_POINT('',(1.6,7.04928932188135,-0.0500000000000011));
#4428=CARTESIAN_POINT('',(1.6,6.62,-0.0500000000000011));
#4429=CARTESIAN_POINT('',(1.6,6.62,-0.0500000000000011));
#4430=CARTESIAN_POINT('',(1.6,6.62,0.3));
#4431=CARTESIAN_POINT('',(1.6,6.62,0.3));
#4432=CARTESIAN_POINT('',(1.6,4.62,0.299999999999999));
#4433=CARTESIAN_POINT('',(1.6,7.04928932188135,-8.67361737988404E-16));
#4434=CARTESIAN_POINT('',(2.,7.02,1.2));
#4435=CARTESIAN_POINT('',(2.,7.02,1.2));
#4436=CARTESIAN_POINT('',(2.,4.62,0.299999999999999));
#4437=CARTESIAN_POINT('',(2.,6.62,0.3));
#4438=CARTESIAN_POINT('',(2.,6.62,0.3));
#4439=CARTESIAN_POINT('',(2.,6.62,-0.0500000000000011));
#4440=CARTESIAN_POINT('',(2.,6.62,-0.0500000000000011));
#4441=CARTESIAN_POINT('',(2.,7.04928932188135,-0.0500000000000011));
#4442=CARTESIAN_POINT('',(2.,7.04928932188135,-8.67361737988404E-16));
#4443=CARTESIAN_POINT('',(2.,7.08464466094067,-0.0353553390593285));
#4444=CARTESIAN_POINT('',(2.,7.08464466094067,-0.035355339059329));
#4445=CARTESIAN_POINT('',(2.,7.10535533905933,-0.0146446609406721));
#4446=CARTESIAN_POINT('',(2.,7.14071067811865,-0.0499999999999997));
#4447=CARTESIAN_POINT('',(2.,7.14071067811865,2.98155597433514E-16));
#4448=CARTESIAN_POINT('',(2.,7.14071067811865,6.93889390390723E-16));
#4449=CARTESIAN_POINT('',(2.,7.22,7.0082828429463E-16));
#4450=CARTESIAN_POINT('',(2.,7.22,7.21644966006352E-16));
#4451=CARTESIAN_POINT('',(2.,7.22,0.399999999999994));
#4452=CARTESIAN_POINT('',(2.,7.22,0.399999999999994));
#4453=CARTESIAN_POINT('',(2.,7.17,0.399999999999995));
#4454=CARTESIAN_POINT('',(2.,7.17,0.549999999999994));
#4455=CARTESIAN_POINT('',(2.,7.02,0.549999999999994));
#4456=CARTESIAN_POINT('',(2.,7.02,0.549999999999994));
#4457=CARTESIAN_POINT('',(2.,7.04928932188135,-8.67361737988404E-16));
#4458=CARTESIAN_POINT('',(2.,7.02,1.2));
#4459=CARTESIAN_POINT('',(2.,7.02,1.2));
#4460=CARTESIAN_POINT('',(2.,7.02,0.549999999999994));
#4461=CARTESIAN_POINT('',(2.,7.02,0.549999999999994));
#4462=CARTESIAN_POINT('',(2.,7.17,0.399999999999995));
#4463=CARTESIAN_POINT('',(2.,7.17,0.549999999999994));
#4464=CARTESIAN_POINT('',(2.,7.22,0.399999999999994));
#4465=CARTESIAN_POINT('',(2.,7.22,0.399999999999994));
#4466=CARTESIAN_POINT('',(2.,7.22,7.0082828429463E-16));
#4467=CARTESIAN_POINT('',(2.,7.22,7.21644966006352E-16));
#4468=CARTESIAN_POINT('',(2.,7.14071067811865,2.98155597433514E-16));
#4469=CARTESIAN_POINT('',(2.,7.14071067811865,6.93889390390723E-16));
#4470=CARTESIAN_POINT('',(2.,7.10535533905933,-0.0146446609406721));
#4471=CARTESIAN_POINT('',(2.,7.14071067811865,-0.0499999999999997));
#4472=CARTESIAN_POINT('',(2.,7.08464466094067,-0.0353553390593285));
#4473=CARTESIAN_POINT('',(2.,7.08464466094067,-0.035355339059329));
#4474=CARTESIAN_POINT('',(2.,7.04928932188135,-0.0500000000000011));
#4475=CARTESIAN_POINT('',(2.,7.04928932188135,-8.67361737988404E-16));
#4476=CARTESIAN_POINT('',(2.,6.62,-0.0500000000000011));
#4477=CARTESIAN_POINT('',(2.,6.62,-0.0500000000000011));
#4478=CARTESIAN_POINT('',(2.,6.62,0.3));
#4479=CARTESIAN_POINT('',(2.,6.62,0.3));
#4480=CARTESIAN_POINT('',(2.,4.62,0.299999999999999));
#4481=CARTESIAN_POINT('',(2.,6.47,1.1));
#4482=CARTESIAN_POINT('',(-2.00000000000005,4.62000000000001,0.299999999999993));
#4483=CARTESIAN_POINT('',(-2.,4.62,1.1));
#4484=CARTESIAN_POINT('',(-2.,6.47,1.1));
#4485=CARTESIAN_POINT('',(-2.00000000000006,5.67000000000001,0.299999999999993));
#4486=CARTESIAN_POINT('',(-1.60000000000005,4.62000000000001,0.299999999999993));
#4487=CARTESIAN_POINT('',(-1.6,4.62,1.1));
#4488=CARTESIAN_POINT('',(-1.6,4.62,1.1));
#4489=CARTESIAN_POINT('',(-2.00000000000005,4.62000000000001,0.299999999999993));
#4490=CARTESIAN_POINT('',(-1.6,6.47,1.1));
#4491=CARTESIAN_POINT('',(-1.60000000000005,4.62000000000001,0.299999999999993));
#4492=CARTESIAN_POINT('',(-0.20000000000005,4.62000000000001,0.299999999999993));
#4493=CARTESIAN_POINT('',(-0.2,4.62,1.1));
#4494=CARTESIAN_POINT('',(-0.2,6.47,1.1));
#4495=CARTESIAN_POINT('',(-0.200000000000061,5.67000000000001,0.299999999999993));
#4496=CARTESIAN_POINT('',(0.19999999999995,4.62000000000001,0.299999999999993));
#4497=CARTESIAN_POINT('',(0.2,4.62,1.1));
#4498=CARTESIAN_POINT('',(0.2,4.62,1.1));
#4499=CARTESIAN_POINT('',(-0.20000000000005,4.62000000000001,0.299999999999993));
#4500=CARTESIAN_POINT('',(0.2,6.47,1.1));
#4501=CARTESIAN_POINT('',(0.19999999999995,4.62000000000001,0.299999999999993));
#4502=CARTESIAN_POINT('',(0.2,6.47,1.1));
#4503=CARTESIAN_POINT('',(-1.6,6.47,1.1));
#4504=CARTESIAN_POINT('',(-2.,4.62,0.299999999999999));
#4505=CARTESIAN_POINT('',(-2.,6.62,0.3));
#4506=CARTESIAN_POINT('',(-1.6,6.62,0.3));
#4507=CARTESIAN_POINT('',(-1.6,6.62,0.3));
#4508=CARTESIAN_POINT('',(-1.6,4.62,0.299999999999999));
#4509=CARTESIAN_POINT('',(-1.6,4.62,0.299999999999999));
#4510=CARTESIAN_POINT('',(-2.,6.62,0.3));
#4511=CARTESIAN_POINT('',(-2.,6.62,-0.0500000000000011));
#4512=CARTESIAN_POINT('',(-1.6,6.62,-0.0500000000000011));
#4513=CARTESIAN_POINT('',(-1.6,6.62,-0.0500000000000011));
#4514=CARTESIAN_POINT('',(-1.6,6.62,0.3));
#4515=CARTESIAN_POINT('',(-1.6,6.62,0.3));
#4516=CARTESIAN_POINT('',(-2.,6.62,-0.0500000000000011));
#4517=CARTESIAN_POINT('',(-2.,7.04928932188135,-0.0500000000000011));
#4518=CARTESIAN_POINT('',(-1.6,7.04928932188135,-0.0500000000000011));
#4519=CARTESIAN_POINT('',(-1.6,7.04928932188135,-0.0500000000000011));
#4520=CARTESIAN_POINT('',(-1.6,6.62,-0.0500000000000011));
#4521=CARTESIAN_POINT('',(-1.6,6.62,-0.0500000000000011));
#4522=CARTESIAN_POINT('',(-2.,7.04928932188135,-8.67361737988404E-16));
#4523=CARTESIAN_POINT('',(-2.,7.08464466094067,-0.0353553390593285));
#4524=CARTESIAN_POINT('',(-1.6,7.08464466094067,-0.0353553390593285));
#4525=CARTESIAN_POINT('',(-1.6,7.08464466094067,-0.0353553390593285));
#4526=CARTESIAN_POINT('',(-1.6,7.04928932188135,-8.67361737988404E-16));
#4527=CARTESIAN_POINT('',(-1.6,7.04928932188135,-8.67361737988404E-16));
#4528=CARTESIAN_POINT('',(-2.,7.08464466094067,-0.035355339059329));
#4529=CARTESIAN_POINT('',(-2.,7.10535533905933,-0.0146446609406721));
#4530=CARTESIAN_POINT('',(-1.6,7.10535533905933,-0.0146446609406721));
#4531=CARTESIAN_POINT('',(-1.6,7.10535533905933,-0.0146446609406721));
#4532=CARTESIAN_POINT('',(-1.6,7.08464466094067,-0.035355339059329));
#4533=CARTESIAN_POINT('',(-1.6,7.08464466094067,-0.035355339059329));
#4534=CARTESIAN_POINT('',(-2.,7.14071067811865,-0.0499999999999997));
#4535=CARTESIAN_POINT('',(-2.,7.14071067811865,2.98155597433514E-16));
#4536=CARTESIAN_POINT('',(-1.6,7.14071067811865,2.98155597433514E-16));
#4537=CARTESIAN_POINT('',(-1.6,7.14071067811865,2.98155597433514E-16));
#4538=CARTESIAN_POINT('',(-1.6,7.14071067811865,-0.0499999999999997));
#4539=CARTESIAN_POINT('',(-1.6,7.14071067811865,-0.0499999999999997));
#4540=CARTESIAN_POINT('',(-2.,7.14071067811865,6.93889390390723E-16));
#4541=CARTESIAN_POINT('',(-2.,7.22,7.0082828429463E-16));
#4542=CARTESIAN_POINT('',(-1.6,7.22,7.0082828429463E-16));
#4543=CARTESIAN_POINT('',(-1.6,7.22,7.0082828429463E-16));
#4544=CARTESIAN_POINT('',(-1.6,7.14071067811865,6.93889390390723E-16));
#4545=CARTESIAN_POINT('',(-1.6,7.14071067811865,6.93889390390723E-16));
#4546=CARTESIAN_POINT('',(-2.,7.22,7.21644966006352E-16));
#4547=CARTESIAN_POINT('',(-2.,7.22,0.399999999999994));
#4548=CARTESIAN_POINT('',(-1.6,7.22,0.399999999999994));
#4549=CARTESIAN_POINT('',(-1.6,7.22,0.399999999999994));
#4550=CARTESIAN_POINT('',(-1.6,7.22,7.21644966006352E-16));
#4551=CARTESIAN_POINT('',(-1.6,7.22,7.21644966006352E-16));
#4552=CARTESIAN_POINT('',(-2.,7.22,0.399999999999994));
#4553=CARTESIAN_POINT('',(-2.,7.17,0.399999999999995));
#4554=CARTESIAN_POINT('',(-1.6,7.17,0.399999999999995));
#4555=CARTESIAN_POINT('',(-1.6,7.17,0.399999999999995));
#4556=CARTESIAN_POINT('',(-1.6,7.22,0.399999999999994));
#4557=CARTESIAN_POINT('',(-1.6,7.22,0.399999999999994));
#4558=CARTESIAN_POINT('',(-2.,7.17,0.549999999999994));
#4559=CARTESIAN_POINT('',(-2.,7.02,0.549999999999994));
#4560=CARTESIAN_POINT('',(-1.6,7.02,0.549999999999994));
#4561=CARTESIAN_POINT('',(-1.6,7.02,0.549999999999994));
#4562=CARTESIAN_POINT('',(-1.6,7.17,0.549999999999994));
#4563=CARTESIAN_POINT('',(-1.6,7.17,0.549999999999994));
#4564=CARTESIAN_POINT('',(-2.,7.02,0.549999999999994));
#4565=CARTESIAN_POINT('',(-2.,7.02,1.2));
#4566=CARTESIAN_POINT('',(-1.6,7.02,1.2));
#4567=CARTESIAN_POINT('',(-1.6,7.02,1.2));
#4568=CARTESIAN_POINT('',(-1.6,7.02,0.549999999999994));
#4569=CARTESIAN_POINT('',(-1.6,7.02,0.549999999999994));
#4570=CARTESIAN_POINT('',(-1.6,7.02,1.2));
#4571=CARTESIAN_POINT('',(-2.,7.02,1.2));
#4572=CARTESIAN_POINT('',(-1.6,7.02,1.2));
#4573=CARTESIAN_POINT('',(-1.6,7.04928932188135,-8.67361737988404E-16));
#4574=CARTESIAN_POINT('',(-2.,7.04928932188135,-8.67361737988404E-16));
#4575=CARTESIAN_POINT('',(-0.2,4.62,0.299999999999999));
#4576=CARTESIAN_POINT('',(-0.2,6.62,0.3));
#4577=CARTESIAN_POINT('',(0.2,6.62,0.3));
#4578=CARTESIAN_POINT('',(0.2,6.62,0.3));
#4579=CARTESIAN_POINT('',(0.2,4.62,0.299999999999999));
#4580=CARTESIAN_POINT('',(0.2,4.62,0.299999999999999));
#4581=CARTESIAN_POINT('',(-0.2,6.62,0.3));
#4582=CARTESIAN_POINT('',(-0.2,6.62,-0.0500000000000011));
#4583=CARTESIAN_POINT('',(0.2,6.62,-0.0500000000000011));
#4584=CARTESIAN_POINT('',(0.2,6.62,-0.0500000000000011));
#4585=CARTESIAN_POINT('',(0.2,6.62,0.3));
#4586=CARTESIAN_POINT('',(0.2,6.62,0.3));
#4587=CARTESIAN_POINT('',(-0.2,6.62,-0.0500000000000011));
#4588=CARTESIAN_POINT('',(-0.2,7.04928932188135,-0.0500000000000011));
#4589=CARTESIAN_POINT('',(0.2,7.04928932188135,-0.0500000000000011));
#4590=CARTESIAN_POINT('',(0.2,7.04928932188135,-0.0500000000000011));
#4591=CARTESIAN_POINT('',(0.2,6.62,-0.0500000000000011));
#4592=CARTESIAN_POINT('',(0.2,6.62,-0.0500000000000011));
#4593=CARTESIAN_POINT('',(-0.2,7.04928932188135,-8.67361737988404E-16));
#4594=CARTESIAN_POINT('',(-0.2,7.08464466094067,-0.0353553390593285));
#4595=CARTESIAN_POINT('',(0.2,7.08464466094067,-0.0353553390593285));
#4596=CARTESIAN_POINT('',(0.2,7.08464466094067,-0.0353553390593285));
#4597=CARTESIAN_POINT('',(0.2,7.04928932188135,-8.67361737988404E-16));
#4598=CARTESIAN_POINT('',(0.2,7.04928932188135,-8.67361737988404E-16));
#4599=CARTESIAN_POINT('',(-0.2,7.08464466094067,-0.035355339059329));
#4600=CARTESIAN_POINT('',(-0.2,7.10535533905933,-0.0146446609406721));
#4601=CARTESIAN_POINT('',(0.2,7.10535533905933,-0.0146446609406721));
#4602=CARTESIAN_POINT('',(0.2,7.10535533905933,-0.0146446609406721));
#4603=CARTESIAN_POINT('',(0.2,7.08464466094067,-0.035355339059329));
#4604=CARTESIAN_POINT('',(0.2,7.08464466094067,-0.035355339059329));
#4605=CARTESIAN_POINT('',(-0.2,7.14071067811865,-0.0499999999999997));
#4606=CARTESIAN_POINT('',(-0.2,7.14071067811865,2.98155597433514E-16));
#4607=CARTESIAN_POINT('',(0.2,7.14071067811865,2.98155597433514E-16));
#4608=CARTESIAN_POINT('',(0.2,7.14071067811865,2.98155597433514E-16));
#4609=CARTESIAN_POINT('',(0.2,7.14071067811865,-0.0499999999999997));
#4610=CARTESIAN_POINT('',(0.2,7.14071067811865,-0.0499999999999997));
#4611=CARTESIAN_POINT('',(-0.2,7.14071067811865,6.93889390390723E-16));
#4612=CARTESIAN_POINT('',(-0.2,7.22,7.0082828429463E-16));
#4613=CARTESIAN_POINT('',(0.2,7.22,7.0082828429463E-16));
#4614=CARTESIAN_POINT('',(0.2,7.22,7.0082828429463E-16));
#4615=CARTESIAN_POINT('',(0.2,7.14071067811865,6.93889390390723E-16));
#4616=CARTESIAN_POINT('',(0.2,7.14071067811865,6.93889390390723E-16));
#4617=CARTESIAN_POINT('',(-0.2,7.22,7.21644966006352E-16));
#4618=CARTESIAN_POINT('',(-0.2,7.22,0.399999999999994));
#4619=CARTESIAN_POINT('',(0.2,7.22,0.399999999999994));
#4620=CARTESIAN_POINT('',(0.2,7.22,0.399999999999994));
#4621=CARTESIAN_POINT('',(0.2,7.22,7.21644966006352E-16));
#4622=CARTESIAN_POINT('',(0.2,7.22,7.21644966006352E-16));
#4623=CARTESIAN_POINT('',(-0.2,7.22,0.399999999999994));
#4624=CARTESIAN_POINT('',(-0.2,7.17,0.399999999999995));
#4625=CARTESIAN_POINT('',(0.2,7.17,0.399999999999995));
#4626=CARTESIAN_POINT('',(0.2,7.17,0.399999999999995));
#4627=CARTESIAN_POINT('',(0.2,7.22,0.399999999999994));
#4628=CARTESIAN_POINT('',(0.2,7.22,0.399999999999994));
#4629=CARTESIAN_POINT('',(-0.2,7.17,0.549999999999994));
#4630=CARTESIAN_POINT('',(-0.2,7.02,0.549999999999994));
#4631=CARTESIAN_POINT('',(0.2,7.02,0.549999999999994));
#4632=CARTESIAN_POINT('',(0.2,7.02,0.549999999999994));
#4633=CARTESIAN_POINT('',(0.2,7.17,0.549999999999994));
#4634=CARTESIAN_POINT('',(0.2,7.17,0.549999999999994));
#4635=CARTESIAN_POINT('',(-0.2,7.02,0.549999999999994));
#4636=CARTESIAN_POINT('',(-0.2,7.02,1.2));
#4637=CARTESIAN_POINT('',(0.2,7.02,1.2));
#4638=CARTESIAN_POINT('',(0.2,7.02,1.2));
#4639=CARTESIAN_POINT('',(0.2,7.02,0.549999999999994));
#4640=CARTESIAN_POINT('',(0.2,7.02,0.549999999999994));
#4641=CARTESIAN_POINT('',(0.2,7.02,1.2));
#4642=CARTESIAN_POINT('',(-0.2,7.02,1.2));
#4643=CARTESIAN_POINT('',(0.2,7.02,1.2));
#4644=CARTESIAN_POINT('',(0.2,7.04928932188135,-8.67361737988404E-16));
#4645=CARTESIAN_POINT('',(-0.2,7.04928932188135,-8.67361737988404E-16));
#4646=CARTESIAN_POINT('',(3.17,-1.83302447294883E-15,0.599999999999996));
#4647=CARTESIAN_POINT('',(-3.16999999999999,-3.66604894589765E-15,0.599999999999996));
#4648=MECHANICAL_DESIGN_GEOMETRIC_PRESENTATION_REPRESENTATION('',(#24),
#4649);
#4649=(
GEOMETRIC_REPRESENTATION_CONTEXT(3)
GLOBAL_UNCERTAINTY_ASSIGNED_CONTEXT((#4650))
GLOBAL_UNIT_ASSIGNED_CONTEXT((#4656,#4652,#4651))
REPRESENTATION_CONTEXT('2082940030wbm000_01_214',
'TOP_LEVEL_ASSEMBLY_PART')
);
#4650=UNCERTAINTY_MEASURE_WITH_UNIT(LENGTH_MEASURE(2.E-5),#4656,
'DISTANCE_ACCURACY_VALUE','Maximum Tolerance applied to model');
#4651=(
NAMED_UNIT(*)
SI_UNIT($,.STERADIAN.)
SOLID_ANGLE_UNIT()
);
#4652=(
CONVERSION_BASED_UNIT('DEGREE',#4654)
NAMED_UNIT(#4653)
PLANE_ANGLE_UNIT()
);
#4653=DIMENSIONAL_EXPONENTS(0.,0.,0.,0.,0.,0.,0.);
#4654=PLANE_ANGLE_MEASURE_WITH_UNIT(PLANE_ANGLE_MEASURE(0.0174532925),#4655);
#4655=(
NAMED_UNIT(*)
PLANE_ANGLE_UNIT()
SI_UNIT($,.RADIAN.)
);
#4656=(
LENGTH_UNIT()
NAMED_UNIT(*)
SI_UNIT(.MILLI.,.METRE.)
);
ENDSEC;
END-ISO-10303-21;
